date,maxTemp,minTemp,,
1980/1/2,42,29,,
1980/1/3,43,14,,
1980/1/4,43,31,,
1980/1/5,57,25,s,
1980/1/6,57,23,,
1980/1/7,29,11,,
1980/1/8,25,10,,d
1980/1/9,29,5,,
1980/1/10,52,17,, 
1980/1/11,54,20,,
1980/1/12,57,20,,
1980/1/13,59,45,,
1980/1/14,63,38,,
1980/1/15,54,34,,
1980/1/16,43,28,,
1980/1/17,48,25,,
1980/1/18,48,29,,
1980/1/19,31,14,,
1980/1/20,30,9,,
1980/1/21,42,14,,
1980/1/22,42,13,,
1980/1/23,52,25,,
1980/1/24,60,41,,
1980/1/25,52,14,,
1980/1/26,14,0,,
1980/1/27,4,-2,,
1980/1/28,7,-1,,
1980/1/29,12,0,,
1980/1/30,27,-2,,
1980/1/31,39,2,,
1980/2/1,56,18,,
1980/2/2,53,34,,
1980/2/3,52,31,,
1980/2/4,54,36,,
1980/2/5,44,22,,
1980/2/6,46,24,,
1980/2/7,34,21,,
1980/2/8,27,7,,
1980/2/9,49,8,,
1980/2/10,45,18,,
1980/2/11,41,18,,
1980/2/12,52,16,,
1980/2/13,54,29,,
1980/2/14,39,22,,
1980/2/15,24,12,,
1980/2/16,29,9,,
1980/2/17,44,15,,
1980/2/18,63,26,,
1980/2/19,61,38,,
1980/2/20,52,34,,
1980/2/21,58,32,,
1980/2/22,50,30,,
1980/2/23,41,26,,
1980/2/24,47,19,,
1980/2/25,58,22,,
1980/2/26,63,31,,
1980/2/27,72,35,,
1980/2/28,66,34,,
1980/2/29,54,21,,
1980/3/1,32,2,,
1980/3/2,58,14,,
1980/3/3,54,37,,
1980/3/4,46,22,,
1980/3/5,30,22,,
1980/3/6,56,24,,
1980/3/7,42,29,,
1980/3/8,51,24,,
1980/3/9,55,31,,
1980/3/10,58,36,,
1980/3/11,56,27,,
1980/3/12,49,27,,
1980/3/13,56,22,,
1980/3/14,67,34,,
1980/3/15,67,42,,
1980/3/16,57,26,,
1980/3/17,51,15,,
1980/3/18,66,32,,
1980/3/19,62,39,,
1980/3/20,55,24,,
1980/3/21,59,21,,
1980/3/22,54,31,,
1980/3/23,39,31,,
1980/3/24,56,25,,
1980/3/25,48,27,,
1980/3/26,47,28,,
1980/3/27,45,23,,
1980/3/28,42,24,,
1980/3/29,44,21,,
1980/3/30,52,26,,
1980/3/31,44,26,,
1980/4/1,37,25,,
1980/4/2,34,26,,
1980/4/3,43,18,,
1980/4/4,53,24,,
1980/4/5,61,30,,
1980/4/6,57,38,,
1980/4/7,47,35,,
1980/4/8,56,25,,
1980/4/9,65,29,,
1980/4/10,61,22,,
1980/4/11,49,31,,
1980/4/12,43,20,,
1980/4/13,53,24,,
1980/4/14,69,29,,
1980/4/15,72,43,,
1980/4/16,66,36,,
1980/4/17,68,33,,
1980/4/18,79,37,,
1980/4/19,81,45,,
1980/4/20,81,46,,
1980/4/21,83,49,,
1980/4/22,79,49,,
1980/4/23,72,42,,
1980/4/24,45,33,,
1980/4/25,53,30,,
1980/4/26,59,34,,
1980/4/27,65,36,,
1980/4/28,72,39,,
1980/4/29,75,44,,
1980/4/30,66,44,,
1980/5/1,51,39,,
1980/5/2,62,40,,
1980/5/3,67,41,,
1980/5/4,67,39,,
1980/5/5,68,46,,
1980/5/6,69,46,,
1980/5/7,58,46,,
1980/5/8,56,47,,
1980/5/9,69,40,,
1980/5/10,71,46,,
1980/5/11,66,42,,
1980/5/12,60,36,,
1980/5/13,60,39,,
1980/5/14,65,38,,
1980/5/15,56,45,,
1980/5/16,56,40,,
1980/5/17,50,38,,
1980/5/18,63,36,,
1980/5/19,72,39,,
1980/5/20,76,39,,
1980/5/21,83,48,,
1980/5/22,80,50,,
1980/5/23,79,49,,
1980/5/24,80,46,,
1980/5/25,78,41,,
1980/5/26,74,39,,
1980/5/27,80,44,,
1980/5/28,84,47,,
1980/5/29,76,42,,
1980/5/30,76,41,,
1980/5/31,81,43,,
1980/6/1,78,45,,
1980/6/2,79,43,,
1980/6/3,88,47,,
1980/6/4,93,57,,
1980/6/5,91,54,,
1980/6/6,91,53,,
1980/6/7,88,45,,
1980/6/8,77,51,,
1980/6/9,81,48,,
1980/6/10,86,53,,
1980/6/11,93,52,,
1980/6/12,93,57,,
1980/6/13,93,58,,
1980/6/14,93,55,,
1980/6/15,90,53,,
1980/6/16,82,53,,
1980/6/17,88,53,,
1980/6/18,93,56,,
1980/6/19,87,55,,
1980/6/20,84,51,,
1980/6/21,90,56,,
1980/6/22,94,54,,
1980/6/23,99,55,,
1980/6/24,93,58,,
1980/6/25,99,59,,
1980/6/26,91,62,,
1980/6/27,93,63,,
1980/6/28,92,58,,
1980/6/29,93,54,,
1980/6/30,94,58,,
1980/8/1,95,61,,
1980/8/2,94,63,,
1980/8/3,95,62,,
1980/8/4,89,50,,
1980/8/5,94,54,,
1980/8/6,98,56,,
1980/8/7,98,66,,
1980/8/8,86,65,,
1980/8/9,92,58,,
1980/8/10,84,56,,
1980/8/11,86,62,,
1980/8/12,95,58,,
1980/8/13,85,58,,
1980/8/14,76,59,,
1980/8/15,85,61,,
1980/8/16,81,55,,
1980/8/17,88,50,,
1980/8/18,90,56,,
1980/8/19,88,58,,
1980/8/20,81,52,,
1980/8/21,83,49,,
1980/8/22,91,52,,
1980/8/23,89,56,,
1980/8/24,86,60,,
1980/8/25,78,60,,
1980/8/26,76,55,,
1980/8/27,84,54,,
1980/8/28,88,54,,
1980/8/29,87,58,,
1980/8/30,79,53,,
1980/8/31,79,48,,
1980/9/1,78,44,,
1980/9/2,89,49,,
1980/9/3,90,54,,
1980/9/4,85,50,,
1980/9/5,89,55,,
1980/9/6,91,55,,
1980/9/7,88,56,,
1980/9/8,82,61,,
1980/9/9,68,48,,
1980/9/10,66,51,,
1980/9/11,79,50,,
1980/9/12,77,52,,
1980/9/13,69,48,,
1980/9/14,80,50,,
1980/9/15,87,54,,
1980/9/16,84,48,,
1980/9/17,88,44,,
1980/9/18,88,51,,
1980/9/19,92,62,,
1980/9/20,87,50,,
1980/9/21,88,48,,
1980/9/22,76,46,,
1980/9/23,75,40,,
1980/9/24,72,42,,
1980/9/25,65,44,,
1980/9/26,71,41,,
1980/9/27,83,49,,
1980/9/28,86,52,,
1980/9/29,78,55,,
1980/9/30,91,50,,
1980/10/1,75,49,,
1980/10/2,66,42,,
1980/10/3,78,42,,
1980/10/4,82,46,,
1980/10/5,79,53,,
1980/10/6,79,45,,
1980/10/7,83,51,,
1980/10/8,80,48,,
1980/10/9,83,45,,
1980/10/10,72,36,,
1980/10/11,67,35,,
1980/10/12,81,40,,
1980/10/13,71,54,,
1980/10/14,70,43,,
1980/10/15,64,44,,
1980/10/16,54,32,,
1980/10/17,58,31,,
1980/10/18,58,32,,
1980/10/19,61,36,,
1980/10/20,68,36,,
1980/10/21,69,36,,
1980/10/22,68,36,,
1980/10/23,54,29,,
1980/10/24,62,19,,
1980/10/25,62,32,,
1980/10/26,59,30,,
1980/10/27,40,30,,
1980/10/28,42,24,,
1980/10/29,62,26,,
1980/10/30,66,37,,
1980/10/31,66,39,,
1980/11/1,71,38,,
1980/11/2,74,46,,
1980/11/3,64,34,,
1980/11/4,64,36,,
1980/11/5,75,41,,
1980/11/6,77,45,,
1980/11/7,78,54,,
1980/11/8,71,55,,
1980/11/9,62,35,,
1980/11/10,65,32,,
1980/11/11,67,34,,
1980/11/12,72,41,,
1980/11/13,60,27,,
1980/11/14,35,24,,
1980/11/15,35,17,,
1980/11/16,32,20,,
1980/11/17,45,14,,
1980/11/18,49,22,,
1980/11/19,50,24,,
1980/11/20,47,26,,
1980/11/21,63,26,,
1980/11/22,58,32,,
1980/11/23,45,27,,
1980/11/24,30,25,,
1980/11/25,37,17,,
1980/11/26,41,21,,
1980/11/27,37,12,,
1980/11/28,58,20,,
1980/11/29,67,30,,
1980/11/30,67,57,,
1980/12/1,58,26,,
1980/12/2,29,17,,
1980/12/3,70,23,,
1980/12/4,69,38,,
1980/12/5,62,36,,
1980/12/6,47,25,,
1980/12/7,29,25,,
1980/12/8,43,19,,
1980/12/9,43,22,,
1980/12/10,57,25,,
1980/12/11,67,42,,
1980/12/12,64,38,,
1980/12/13,54,22,,
1980/12/14,64,31,,
1980/12/15,65,33,,
1980/12/16,68,50,,
1980/12/17,76,55,,
1980/12/18,64,31,,
1980/12/19,39,17,,
1980/12/20,29,16,,
1980/12/21,56,25,,
1980/12/22,62,36,,
1980/12/23,54,40,,
1980/12/24,43,11,,
1980/12/25,60,17,,
1980/12/26,69,44,,
1980/12/27,74,44,,
1980/12/28,67,47,,
1980/12/29,57,31,,
1980/12/30,71,36,,
1980/12/31,62,38,,
1981/1/1,50,36,,
1981/1/2,58,28,,
1981/1/3,57,27,,
1981/1/4,58,28,,
1981/1/5,48,30,,
1981/1/6,50,24,,
1981/1/7,64,32,,
1981/1/8,55,34,,
1981/1/9,49,29,,
1981/1/10,53,26,,
1981/1/11,50,21,,
1981/1/12,62,25,,
1981/1/13,58,29,,
1981/1/14,52,25,,
1981/1/15,43,22,,
1981/1/16,32,19,,
1981/1/17,32,11,,
1981/1/18,52,19,,
1981/1/19,53,25,,
1981/1/20,48,25,,
1981/1/21,61,26,,
1981/1/22,66,32,,
1981/1/23,71,36,,
1981/1/24,64,32,,
1981/1/25,54,34,,
1981/1/26,44,21,,
1981/1/27,54,21,,
1981/1/28,54,27,,
1981/1/29,46,26,,
1981/1/30,39,11,,
1981/1/31,40,15,,
1981/2/1,32,15,,
1981/2/2,45,6,,
1981/2/3,39,18,,
1981/2/4,37,17,,
1981/2/5,45,16,,
1981/2/6,47,21,,
1981/2/7,41,17,,
1981/2/8,47,10,,
1981/2/9,42,18,,
1981/2/10,28,-8,,
1981/2/11,26,-10,,
1981/2/12,57,22,,
1981/2/13,65,31,,
1981/2/14,70,32,,
1981/2/15,63,45,,
1981/2/16,67,32,,
1981/2/17,63,37,,
1981/2/18,65,32,,
1981/2/19,71,47,,
1981/2/20,74,46,,
1981/2/21,47,24,,
1981/2/22,58,24,,
1981/2/23,59,39,,
1981/2/24,72,31,,
1981/2/25,70,34,,
1981/2/26,61,30,,
1981/2/27,61,40,,
1981/2/28,54,27,,
1981/3/1,60,30,,
1981/3/2,52,28,,
1981/3/3,47,32,,
1981/3/4,45,29,,
1981/3/5,52,23,,
1981/3/6,47,27,,
1981/3/7,35,24,,
1981/3/8,48,17,,
1981/3/9,50,28,,
1981/3/10,53,26,,
1981/3/11,53,27,,
1981/3/12,57,27,,
1981/3/13,58,31,,
1981/3/14,59,28,,
1981/3/15,63,35,,
1981/3/16,67,32,,
1981/3/17,60,28,,
1981/3/18,48,26,,
1981/3/19,50,28,,
1981/3/20,49,26,,
1981/3/21,48,26,,
1981/3/22,56,26,,
1981/3/23,62,36,,
1981/3/24,57,34,,
1981/3/25,60,29,,
1981/3/26,70,38,,
1981/3/27,65,35,,
1981/3/28,58,32,,
1981/3/29,62,29,,
1981/3/30,62,40,,
1981/3/31,54,30,,
1981/4/1,70,43,,
1981/4/2,77,42,,
1981/4/3,68,31,,
1981/4/4,47,29,,
1981/4/5,62,28,,
1981/4/6,73,40,,
1981/4/7,66,36,,
1981/4/8,56,33,,
1981/4/9,74,34,,
1981/4/10,71,41,,
1981/4/11,74,40,,
1981/4/12,74,40,,
1981/4/13,68,47,,
1981/4/14,65,41,,
1981/4/15,68,38,,
1981/4/16,77,47,,
1981/4/17,81,47,,
1981/4/18,73,44,,
1981/4/19,69,48,,
1981/4/20,59,44,,
1981/4/21,73,46,,
1981/4/22,66,41,,
1981/4/23,71,38,,
1981/4/24,79,45,,
1981/4/25,81,45,,
1981/4/26,84,46,,
1981/4/27,83,59,,
1981/4/28,73,50,,
1981/4/29,83,53,,
1981/4/30,72,47,,
1981/5/1,81,42,,
1981/5/2,86,55,,
1981/5/3,75,52,,
1981/5/4,61,41,,
1981/5/5,63,40,,
1981/5/6,66,45,,
1981/5/7,63,41,,
1981/5/8,60,36,,
1981/5/9,52,37,,
1981/5/10,69,31,,
1981/5/11,64,36,,
1981/5/12,70,39,,
1981/5/13,55,36,,
1981/5/14,72,37,,
1981/5/15,72,46,,
1981/5/16,58,41,,
1981/5/17,51,43,,
1981/5/18,46,41,,
1981/5/19,56,39,,
1981/5/20,65,42,,
1981/5/21,66,45,,
1981/5/22,70,41,,
1981/5/23,67,45,,
1981/5/24,73,42,,
1981/5/25,75,48,,
1981/5/26,74,47,,
1981/5/27,78,55,,
1981/5/28,73,51,,
1981/5/29,68,50,,
1981/5/30,72,44,,
1981/5/31,75,51,,
1981/6/1,79,47,,
1981/6/2,75,50,,
1981/6/3,74,54,,
1981/6/4,75,53,,
1981/6/5,79,51,,
1981/6/6,86,53,,
1981/6/7,87,64,,
1981/6/8,93,59,,
1981/6/9,92,55,,
1981/6/10,82,57,,
1981/6/11,82,53,,
1981/6/12,94,58,,
1981/6/13,89,59,,
1981/6/14,76,45,,
1981/6/15,72,40,,
1981/6/16,80,39,,
1981/6/17,89,46,,
1981/6/18,80,45,,
1981/6/19,87,50,,
1981/6/20,92,55,,
1981/6/21,91,58,,
1981/6/22,92,55,,
1981/6/23,96,60,,
1981/6/24,88,55,,
1981/6/25,88,59,,
1981/6/26,91,54,,
1981/6/27,89,58,,
1981/6/28,87,58,,
1981/6/29,75,53,,
1981/6/30,88,52,,
1981/7/1,86,56,,
1981/7/2,78,61,,
1981/7/3,78,57,,
1981/7/4,84,55,,
1981/7/5,89,59,,
1981/7/6,96,58,,
1981/7/7,96,55,,
1981/7/8,83,59,,
1981/7/9,84,53,,
1981/7/10,93,51,,
1981/7/11,94,53,,
1981/7/12,90,59,,
1981/7/13,83,56,,
1981/7/14,88,59,,
1981/7/15,90,52,,
1981/7/16,96,56,,
1981/7/17,81,52,,
1981/7/18,81,56,,
1981/7/19,93,59,,
1981/7/20,91,54,,
1981/7/21,97,56,,
1981/7/22,92,56,,
1981/7/23,90,58,,
1981/7/24,86,55,,
1981/7/25,86,57,,
1981/7/26,77,53,,
1981/7/27,74,48,,
1981/7/28,85,52,,
1981/7/29,93,57,,
1981/7/30,93,53,,
1981/7/31,88,61,,
1981/8/1,84,62,,
1981/8/2,93,58,,
1981/8/3,90,62,,
1981/8/4,94,58,,
1981/8/5,92,56,,
1981/8/6,86,58,,
1981/8/7,78,56,,
1981/8/8,82,52,,
1981/8/9,77,54,,
1981/8/10,62,49,,
1981/8/11,72,51,,
1981/8/12,70,56,,
1981/8/13,78,53,,
1981/8/14,85,60,,
1981/8/15,79,54,,
1981/8/16,81,57,,
1981/8/17,80,50,,
1981/8/18,83,53,,
1981/8/19,86,55,,
1981/8/20,83,53,,
1981/8/21,90,52,,
1981/8/22,82,56,,
1981/8/23,84,51,,
1981/8/24,86,53,,
1981/8/25,89,57,,
1981/8/26,78,54,,
1981/8/27,74,57,,
1981/8/28,82,52,,
1981/8/29,87,52,,
1981/8/30,90,53,,
1981/9/1,83,47,,
1981/9/2,86,52,,
1981/9/3,72,54,,
1981/9/4,77,48,,
1981/9/5,82,53,,
1981/9/6,72,57,,
1981/9/7,64,54,,
1981/9/8,78,50,,
1981/9/9,81,50,,
1981/9/10,81,54,,
1981/9/11,80,50,,
1981/9/12,83,50,,
1981/9/13,82,52,,
1981/9/14,80,51,,
1981/9/15,74,50,,
1981/9/16,71,50,,
1981/9/17,73,41,,
1981/9/18,84,42,,
1981/9/19,81,46,,
1981/9/20,86,49,,
1981/9/21,81,54,,
1981/9/22,83,53,,
1981/9/23,83,51,,
1981/9/24,75,54,,
1981/9/25,81,49,,
1981/9/26,80,47,,
1981/9/27,82,44,,
1981/9/28,86,45,,
1981/9/29,77,51,,
1981/9/30,72,51,,
1981/10/1,72,41,,
1981/10/2,75,45,,
1981/10/3,71,40,,
1981/10/4,67,46,,
1981/10/5,68,45,,
1981/10/6,72,39,,
1981/10/7,77,43,,
1981/10/8,71,43,,
1981/10/9,63,46,,
1981/10/10,73,38,,
1981/10/11,73,41,,
1981/10/12,69,41,,
1981/10/13,57,42,,
1981/10/14,51,39,,
1981/10/15,49,40,,
1981/10/16,55,41,,
1981/10/17,49,35,,
1981/10/18,60,31,,
1981/10/19,72,38,,
1981/10/20,72,48,,
1981/10/21,64,31,,
1981/10/22,45,33,,
1981/10/23,55,26,,
1981/10/24,47,34,,
1981/10/25,54,24,,
1981/10/26,59,32,,
1981/10/27,66,44,,
1981/10/28,66,41,,
1981/10/29,70,45,,
1981/10/30,53,36,,
1981/10/31,50,28,,
1981/11/1,61,33,,
1981/11/2,61,40,,
1981/11/3,67,35,,
1981/11/4,55,34,,
1981/11/5,63,36,,
1981/11/6,52,33,,
1981/11/7,51,42,,
1981/11/8,52,38,,
1981/11/9,58,29,,
1981/11/10,64,34,,
1981/11/11,60,33,,
1981/11/12,67,34,,
1981/11/13,67,42,,
1981/11/14,70,42,,
1981/11/15,63,41,,
1981/11/16,71,48,,
1981/11/17,75,44,,
1981/11/18,68,42,,
1981/11/19,44,29,,
1981/11/21,60,35,,
1981/11/22,63,40,,
1981/11/23,57,37,,
1981/11/24,60,32,,
1981/11/25,54,38,,
1981/11/26,39,18,,
1981/11/27,34,16,,
1981/11/28,43,22,,
1981/11/29,41,25,,
1981/11/30,43,31,,
1981/12/1,43,20,,
1981/12/2,52,32,,
1981/12/3,48,26,,
1981/12/4,51,21,,
1981/12/5,62,32,,
1981/12/6,69,39,,
1981/12/7,63,44,,
1981/12/8,63,35,,
1981/12/9,65,34,,
1981/12/10,64,44,,
1981/12/11,62,36,,
1981/12/12,56,36,,
1981/12/13,45,28,,
1981/12/14,49,25,,
1981/12/15,46,26,,
1981/12/16,50,30,,
1981/12/17,35,13,,
1981/12/18,37,12,,
1981/12/19,53,24,,
1981/12/20,60,47,,
1981/12/21,54,38,,
1981/12/22,38,10,,
1981/12/23,27,7,,
1981/12/24,32,10,,
1981/12/25,41,16,,
1981/12/26,34,19,,
1981/12/27,30,19,,
1981/12/28,30,11,,
1981/12/29,33,12,,
1981/12/30,53,20,,
1981/12/31,48,26,,
1982/1/1,45,17,,
1982/1/2,42,22,,
1982/1/3,30,15,,
1982/1/4,41,23,,
1982/1/5,49,35,,
1982/1/6,40,10,,
1982/1/7,34,1,,
1982/1/8,47,7,,
1982/1/9,53,17,,
1982/1/10,47,7,,
1982/1/11,55,6,,
1982/1/12,49,14,,
1982/1/13,37,15,,
1982/1/14,49,38,,
1982/1/15,51,29,,
1982/1/16,41,1,,
1982/1/17,57,18,,
1982/1/18,53,30,,
1982/1/19,52,25,,
1982/1/20,43,22,,
1982/1/21,39,19,,
1982/1/22,26,11,,
1982/1/23,43,11,,
1982/1/24,60,41,,
1982/1/25,56,25,,
1982/1/26,72,32,,
1982/1/27,65,37,,
1982/1/28,51,23,,
1982/1/29,42,30,,
1982/1/30,48,20,,
1982/1/31,50,22,,
1982/2/1,45,27,,
1982/2/2,31,18,,
1982/2/3,24,1,,
1982/2/4,5,-11,,
1982/2/5,15,-14,,
1982/2/6,41,-1,,
1982/2/7,35,11,,
1982/2/8,25,7,,
1982/2/9,25,-4,,
1982/2/10,42,17,,
1982/2/11,39,15,,
1982/2/12,54,20,,
1982/2/13,65,32,,
1982/2/14,59,32,,
1982/2/15,67,37,,
1982/2/16,69,37,,
1982/2/17,56,42,,
1982/2/18,58,29,,
1982/2/19,66,29,,
1982/2/20,69,39,,
1982/2/21,77,42,,
1982/2/22,73,41,,
1982/2/23,66,27,,
1982/2/24,56,21,,
1982/2/25,43,19,,
1982/2/26,58,21,,
1982/2/27,61,35,,
1982/2/28,64,34,,
1982/3/1,64,34,,
1982/3/2,68,49,,
1982/3/3,58,31,,
1982/3/4,44,30,,
1982/3/5,34,20,,
1982/3/6,47,19,,
1982/3/7,49,21,,
1982/3/8,50,28,,
1982/3/9,59,22,,
1982/3/10,67,43,,
1982/3/11,70,22,,
1982/3/12,64,43,,
1982/3/13,60,32,,
1982/3/14,62,34,,
1982/3/15,61,29,,
1982/3/16,63,33,,
1982/3/17,62,34,,
1982/3/18,56,33,,
1982/3/19,49,35,,
1982/3/20,56,27,,
1982/3/21,48,22,,
1982/3/22,53,22,,
1982/3/23,60,33,,
1982/3/24,59,31,,
1982/3/25,48,16,,
1982/3/26,56,27,,
1982/3/27,54,33,,
1982/3/28,68,29,,
1982/3/29,65,38,,
1982/3/30,63,37,,
1982/3/31,69,26,,
1982/4/1,77,47,,
1982/4/2,68,35,,
1982/4/3,66,28,,
1982/4/4,68,31,,
1982/4/5,57,28,,
1982/4/6,59,26,,
1982/4/7,54,29,,
1982/4/8,48,29,,
1982/4/9,56,26,,
1982/4/10,66,24,,
1982/4/11,81,45,,
1982/4/12,75,45,,
1982/4/13,73,41,,
1982/4/14,80,44,,
1982/4/15,74,42,,
1982/4/16,63,32,,
1982/4/17,65,23,,
1982/4/18,71,42,,
1982/4/19,58,32,,
1982/4/20,37,25,,
1982/4/21,54,18,,
1982/4/22,68,30,,
1982/4/23,75,34,,
1982/4/24,75,44,,
1982/4/25,74,40,,
1982/4/26,65,40,,
1982/4/27,52,43,,
1982/4/28,72,36,,
1982/4/29,69,40,,
1982/4/30,68,39,,
1982/5/1,78,39,,
1982/5/2,82,44,,
1982/5/3,78,47,,
1982/5/4,76,53,,
1982/5/5,65,37,,
1982/5/6,59,28,,
1982/5/7,67,34,,
1982/5/8,72,44,,
1982/5/9,79,45,,
1982/5/10,73,46,,
1982/5/11,65,40,,
1982/5/12,45,38,,
1982/5/13,52,34,,
1982/5/14,56,40,,
1982/5/15,64,36,,
1982/5/16,64,40,,
1982/5/17,70,41,,
1982/5/18,76,42,,
1982/5/19,74,50,,
1982/5/20,68,45,,
1982/5/21,70,40,,
1982/5/22,75,44,,
1982/5/23,74,49,,
1982/5/24,63,44,,
1982/5/25,58,39,,
1982/5/26,75,38,,
1982/5/27,81,48,,
1982/5/28,81,54,,
1982/5/29,77,51,,
1982/5/30,68,44,,
1982/5/31,64,42,,
1982/6/1,64,45,,
1982/6/2,69,44,,
1982/6/3,63,45,,
1982/6/4,79,41,,
1982/6/5,72,40,,
1982/6/6,74,54,,
1982/6/7,79,41,,
1982/6/8,82,48,,
1982/6/9,76,40,,
1982/6/10,74,44,,
1982/6/11,71,50,,
1982/6/12,75,46,,
1982/6/13,74,53,,
1982/6/14,76,51,,
1982/6/15,74,51,,
1982/6/16,79,41,,
1982/6/17,74,54,,
1982/6/18,63,48,,
1982/6/19,71,41,,
1982/6/20,81,47,,
1982/6/21,82,50,,
1982/6/22,81,51,,
1982/6/23,83,52,,
1982/6/24,74,52,,
1982/6/25,72,54,,
1982/6/26,74,48,,
1982/6/27,82,47,,
1982/6/28,93,55,,
1982/6/29,90,61,,
1982/6/30,85,55,,
1982/7/1,78,56,,
1982/7/2,85,54,,
1982/7/3,89,54,,
1982/7/4,90,54,,
1982/7/5,84,59,,
1982/7/6,80,52,,
1982/7/7,80,51,,
1982/7/8,84,52,,
1982/7/9,81,56,,
1982/7/10,81,50,,
1982/7/11,83,54,,
1982/7/12,86,53,,
1982/7/13,82,60,,
1982/7/14,89,57,,
1982/7/15,93,56,,
1982/7/16,94,55,,
1982/7/17,89,55,,
1982/7/18,92,62,,
1982/7/19,94,59,,
1982/7/20,96,62,,
1982/7/21,96,64,,
1982/7/22,96,65,,
1982/7/23,98,63,,
1982/7/24,95,62,,
1982/7/25,91,62,,
1982/7/26,85,63,,
1982/7/27,81,62,,
1982/7/28,71,58,,
1982/7/29,67,58,,
1982/7/30,76,55,,
1982/7/31,86,55,,
1982/8/1,93,58,,
1982/8/2,91,64,,
1982/8/3,88,63,,
1982/8/4,84,60,,
1982/8/5,89,57,,
1982/8/6,90,57,,
1982/8/7,86,58,,
1982/8/8,83,57,,
1982/8/9,89,60,,
1982/8/10,80,63,,
1982/8/11,80,56,,
1982/8/12,89,58,,
1982/8/13,79,59,,
1982/8/14,87,57,,
1982/8/15,88,60,,
1982/8/16,86,57,,
1982/8/17,84,58,,
1982/8/18,91,60,,
1982/8/19,89,67,,
1982/8/20,84,61,,
1982/8/21,84,57,,
1982/8/22,81,59,,
1982/8/23,86,59,,
1982/8/24,82,59,,
1982/8/25,79,57,,
1982/8/26,90,60,,
1982/8/27,89,58,,
1982/8/28,90,57,,
1982/8/29,87,56,,
1982/8/30,87,58,,
1982/8/31,90,59,,
1982/9/1,87,61,,
1982/9/2,80,53,,
1982/9/3,87,55,,
1982/9/4,89,59,,
1982/9/5,76,59,,
1982/9/6,76,48,,
1982/9/7,79,51,,
1982/9/8,80,53,,
1982/9/9,87,56,,
1982/9/10,84,57,,
1982/9/11,63,47,,
1982/9/12,59,43,,
1982/9/13,57,46,,
1982/9/14,55,40,,
1982/9/15,58,43,,
1982/9/16,75,44,,
1982/9/17,65,48,,
1982/9/18,74,45,,
1982/9/19,68,52,,
1982/9/20,67,48,,
1982/9/21,75,46,,
1982/9/22,82,51,,
1982/9/23,77,53,,
1982/9/24,71,47,,
1982/9/25,71,51,,
1982/9/26,75,58,,
1982/9/27,79,49,,
1982/9/28,70,45,,
1982/9/29,70,41,,
1982/9/30,61,39,,
1982/10/1,52,37,,
1982/10/2,68,37,,
1982/10/3,73,38,,
1982/10/4,70,44,,
1982/10/5,72,41,,
1982/10/6,67,34,,
1982/10/7,76,38,,
1982/10/8,64,39,,
1982/10/9,47,32,,
1982/10/10,52,32,,
1982/10/11,55,27,,
1982/10/12,56,34,,
1982/10/13,55,34,,
1982/10/14,68,34,,
1982/10/15,70,43,,
1982/10/16,70,42,,
1982/10/17,74,43,,
1982/10/18,72,45,,
1982/10/19,57,29,,
1982/10/20,56,27,,
1982/10/21,62,33,,
1982/10/22,68,36,,
1982/10/23,71,41,,
1982/10/24,74,45,,
1982/10/25,68,52,,
1982/10/26,69,44,,
1982/10/27,62,35,,
1982/10/28,61,35,,
1982/10/29,51,32,,
1982/10/30,57,32,,
1982/10/31,60,37,,
1982/12/1,44,30,,
1982/12/2,44,32,,
1982/12/3,50,24,,
1982/12/4,58,29,,
1982/12/5,50,31,,
1982/12/6,53,29,,
1982/12/7,46,20,,
1982/12/8,24,14,,
1982/12/9,49,14,,
1982/12/10,49,29,,
1982/12/11,35,24,,
1982/12/12,60,25,,
1982/12/13,56,26,,
1982/12/14,47,29,,
1982/12/15,44,25,,
1982/12/16,53,27,,
1982/12/17,69,34,,
1982/12/18,56,34,,
1982/12/19,55,24,,
1982/12/20,63,31,,
1982/12/21,66,37,,
1982/12/22,57,43,,
1982/12/23,51,31,,
1982/12/24,41,24,,
1982/12/25,39,14,,
1982/12/26,36,10,,
1982/12/27,35,24,,
1982/12/28,28,3,,
1982/12/29,29,5,,
1982/12/30,30,7,,
1982/12/31,40,11,,
1983/2/12,51,20,,
1983/2/13,62,25,,
1983/2/14,63,30,,
1983/2/15,52,28,,
1983/2/16,52,26,,
1983/2/17,61,26,,
1983/2/18,58,26,,
1983/2/19,69,30,,
1983/2/20,55,25,,
1983/2/21,52,21,,
1983/2/22,58,22,,
1983/2/23,58,27,,
1983/2/24,60,26,,
1983/2/25,42,20,,
1983/2/26,60,23,,
1983/2/27,63,29,,
1983/2/28,60,29,,
1983/3/1,60,30,,
1983/3/2,66,35,,
1983/3/3,68,37,,
1983/3/4,65,33,,
1983/3/5,51,34,,
1983/3/6,42,29,,
1983/3/7,53,28,,
1983/3/8,56,28,,
1983/3/9,44,26,,
1983/3/10,54,28,,
1983/3/11,63,30,,
1983/3/12,68,33,,
1983/3/13,69,37,,
1983/3/14,68,43,,
1983/3/15,64,33,,
1983/3/16,37,30,,
1983/3/17,41,24,,
1983/3/18,32,22,,
1983/3/19,31,15,,
1983/3/20,31,17,,
1983/3/21,34,8,,
1983/3/22,39,15,,
1983/3/23,36,22,,
1983/3/24,40,24,,
1983/3/25,45,29,,
1983/3/26,41,28,,
1983/3/27,42,20,,
1983/3/28,44,25,,
1983/3/29,50,28,,
1983/3/30,49,27,,
1983/3/31,64,31,,
1983/4/1,55,30,,
1983/4/2,53,22,,
1983/4/3,44,24,,
1983/4/4,29,20,,
1983/4/5,39,20,,
1983/4/6,37,12,,
1983/4/7,39,13,,
1983/4/8,46,17,,
1983/4/9,53,25,,
1983/4/10,66,33,,
1983/4/11,60,39,,
1983/4/12,45,31,,
1983/4/13,41,23,,
1983/4/14,40,18,,
1983/4/15,51,20,,
1983/4/16,61,25,,
1983/4/17,67,34,,
1983/4/18,70,34,,
1983/4/19,70,45,,
1983/4/20,71,38,,
1983/4/21,54,43,,
1983/4/22,51,41,,
1983/4/23,62,40,,
1983/4/24,74,37,,
1983/4/25,73,40,,
1983/4/26,65,41,,
1983/4/27,65,39,,
1983/4/28,66,44,,
1983/4/29,65,43,,
1983/4/30,59,44,,
1983/5/1,63,38,,
1983/5/2,57,35,,
1983/5/3,65,39,,
1983/5/4,66,36,,
1983/5/5,71,37,,
1983/5/6,67,44,,
1983/5/7,66,36,,
1983/5/8,72,36,,
1983/5/9,82,40,,
1983/5/10,74,38,,
1983/5/11,61,38,,
1983/5/12,64,30,,
1983/5/13,55,34,,
1983/5/14,39,31,,
1983/5/15,58,34,,
1983/5/16,57,37,,
1983/5/17,50,34,,
1983/5/18,60,33,,
1983/5/19,55,41,,
1983/5/20,58,40,,
1983/5/21,75,37,,
1983/5/22,65,46,,
1983/5/23,76,39,,
1983/5/24,82,52,,
1983/5/25,75,49,,
1983/5/26,88,49,,
1983/5/27,83,61,,
1983/5/28,80,57,,
1983/5/29,73,45,,
1983/5/30,60,40,,
1983/5/31,54,35,,
1983/6/1,63,43,,
1983/6/2,68,41,,
1983/6/3,73,43,,
1983/6/4,72,48,,
1983/6/5,54,44,,
1983/6/6,66,33,,
1983/6/7,69,47,,
1983/6/8,77,44,,
1983/6/9,80,46,,
1983/6/10,80,54,,
1983/6/11,84,52,,
1983/6/12,80,43,,
1983/6/13,63,45,,
1983/6/14,70,40,,
1983/6/15,77,47,,
1983/6/16,82,46,,
1983/6/17,78,49,,
1983/6/18,93,49,,
1983/6/19,82,48,,
1983/6/20,86,58,,
1983/6/21,91,51,,
1983/6/22,85,55,,
1983/6/23,84,55,,
1983/6/24,88,52,,
1983/6/25,84,51,,
1983/6/26,79,51,,
1983/6/27,61,51,,
1983/6/28,71,48,,
1983/6/29,88,50,,
1983/6/30,88,53,,
1983/7/1,89,56,,
1983/7/2,90,61,,
1983/7/3,84,57,,
1983/7/4,81,47,,
1983/7/5,85,48,,
1983/7/6,85,53,,
1983/7/7,94,60,,
1983/7/8,93,60,,
1983/7/9,96,63,,
1983/7/10,92,64,,
1983/7/11,74,51,,
1983/7/12,83,56,,
1983/7/13,90,55,,
1983/7/14,93,56,,
1983/7/15,82,57,,
1983/7/16,83,56,,
1983/7/17,86,59,,
1983/7/18,92,54,,
1983/7/19,93,70,,
1983/7/20,95,64,,
1983/7/21,87,64,,
1983/7/22,81,59,,
1983/7/23,77,60,,
1983/7/24,88,57,,
1983/7/25,90,58,,
1983/7/26,83,58,,
1983/7/27,89,59,,
1983/7/28,86,58,,
1983/7/29,91,56,,
1983/7/30,87,55,,
1983/7/31,88,53,,
1983/8/1,90,60,,
1983/8/2,93,58,,
1983/8/3,91,63,,
1983/8/4,89,65,,
1983/8/5,90,60,,
1983/8/6,87,62,,
1983/8/7,91,62,,
1983/8/8,93,61,,
1983/8/9,95,60,,
1983/8/10,93,57,,
1983/8/11,91,57,,
1983/8/12,87,60,,
1983/8/13,80,63,,
1983/8/14,90,57,,
1983/8/15,93,57,,
1983/8/16,96,61,,
1983/8/17,91,63,,
1983/8/18,93,60,,
1983/8/19,88,59,,
1983/8/20,89,58,,
1983/8/21,90,60,,
1983/8/22,86,60,,
1983/8/23,86,55,,
1983/8/24,91,55,,
1983/8/25,91,56,,
1983/8/26,90,57,,
1983/8/27,92,57,,
1983/8/28,91,55,,
1983/8/29,88,56,,
1983/8/30,90,63,,
1983/8/31,90,60,,
1983/9/1,97,63,,
1983/9/2,100,60,,
1983/9/3,90,63,,
1983/9/4,85,56,,
1983/9/5,86,51,,
1983/9/6,82,49,,
1983/9/7,93,48,,
1983/9/8,90,57,,
1983/9/9,94,57,,
1983/9/10,80,56,,
1983/9/11,90,45,,
1983/9/12,81,46,,
1983/9/13,77,43,,
1983/9/14,78,46,,
1983/9/15,76,48,,
1983/9/16,90,42,,
1983/9/17,92,50,,
1983/9/18,84,45,,
1983/9/19,86,52,,
1983/9/20,65,29,,
1983/9/21,66,26,,
1983/9/22,67,31,,
1983/9/23,84,36,,
1983/9/24,79,52,,
1983/9/25,80,50,,
1983/9/26,82,46,,
1983/9/27,86,51,,
1983/9/28,77,47,,
1983/9/29,67,49,,
1983/9/30,77,48,,
1983/10/1,70,46,,
1983/10/2,74,48,,
1983/10/3,71,37,,
1983/10/4,73,34,,
1983/10/5,75,39,,
1983/10/6,80,38,,
1983/10/7,80,50,,
1983/10/8,65,45,,
1983/10/9,71,40,,
1983/10/10,76,45,,
1983/10/11,69,39,,
1983/10/12,60,37,,
1983/10/13,68,30,,
1983/10/14,69,35,,
1983/10/15,65,35,,
1983/10/16,62,29,,
1983/10/17,67,32,,
1983/10/18,67,44,,
1983/10/19,61,35,,
1983/10/20,60,30,,
1983/10/21,70,31,,
1983/10/22,76,35,,
1983/10/23,80,38,,
1983/10/24,46,39,,
1983/10/25,69,26,,
1983/10/26,74,33,,
1983/10/27,79,37,,
1983/10/28,70,31,,
1983/10/29,64,31,,
1983/10/30,70,35,,
1983/10/31,74,43,,
1983/11/1,70,38,,
1983/11/2,69,42,,
1983/11/3,70,38,,
1983/11/4,71,36,,
1983/11/5,74,39,,
1983/11/6,66,33,,
1983/11/7,74,35,,
1983/11/8,70,34,,
1983/11/9,43,18,,
1983/11/10,51,22,,
1983/11/11,60,28,,
1983/11/12,61,36,,
1983/11/13,58,28,,
1983/11/14,48,33,,
1983/11/15,50,35,,
1983/11/16,56,28,,
1983/11/17,65,35,,
1983/11/18,53,33,,
1983/11/19,53,33,,
1983/11/20,51,23,,
1983/11/21,53,28,,
1983/11/22,32,19,,
1983/11/23,38,6,,
1983/11/24,47,14,,
1983/11/25,55,29,,
1983/11/26,57,19,,
1983/11/27,30,16,,
1983/11/28,41,8,,
1983/11/29,31,14,,
1983/11/30,27,8,,
1983/12/1,46,6,,
1983/12/2,45,19,,
1983/12/3,46,15,,
1983/12/4,42,16,,
1983/12/5,31,18,,
1983/12/6,40,11,,
1983/12/7,45,24,,
1983/12/8,54,23,,
1983/12/9,42,25,,
1983/12/10,53,28,,
1983/12/11,46,32,,
1983/12/12,50,25,,
1983/12/13,40,24,,
1983/12/14,42,25,,
1983/12/15,33,22,,
1983/12/16,21,10,,
1983/12/17,37,4,,
1983/12/18,17,2,,
1983/12/19,21,1,,
1983/12/20,4,-8,,
1983/12/21,-2,-15,,
1983/12/22,0,-15,,
1983/12/23,2,-10,,
1983/12/24,-2,-12,,
1983/12/25,20,-10,,
1983/12/26,43,8,,
1983/12/27,43,15,,
1983/12/28,15,-8,,
1983/12/29,25,-10,,
1983/12/30,32,3,,
1983/12/31,51,31,,
1984/1/1,44,12,,
1984/1/2,43,18,,
1984/1/3,43,20,,
1984/1/4,57,35,,
1984/1/5,57,31,,
1984/1/6,56,28,,
1984/1/7,59,28,,
1984/1/8,57,28,,
1984/1/9,57,28,,
1984/1/10,49,16,,
1984/1/11,36,24,,
1984/1/12,38,20,,
1984/1/13,42,14,,
1984/1/14,21,3,,
1984/1/15,18,-5,,
1984/1/16,32,2,,
1984/1/17,21,-5,,
1984/1/18,19,-19,,
1984/1/19,24,-10,,
1984/1/20,24,-9,,
1984/1/21,42,10,,
1984/1/22,43,16,,
1984/1/23,46,14,,
1984/1/24,50,23,,
1984/1/25,56,26,,
1984/1/26,49,28,,
1984/1/27,49,21,,
1984/1/28,57,26,,
1984/1/29,53,32,,
1984/1/30,51,20,,
1984/1/31,57,22,,
1984/2/1,66,22,,
1984/2/2,49,24,,
1984/2/3,54,27,,
1984/2/4,49,23,,
1984/2/5,55,22,,
1984/2/6,60,26,,
1984/2/7,50,25,,
1984/2/8,47,27,,
1984/2/9,48,22,,
1984/2/10,62,24,,
1984/2/11,45,32,,
1984/2/12,46,27,,
1984/2/13,47,30,,
1984/2/14,51,31,,
1984/2/15,54,28,,
1984/2/16,46,15,,
1984/2/17,46,20,,
1984/2/18,37,14,,
1984/2/19,37,12,,
1984/2/20,42,15,,
1984/2/21,53,25,,
1984/2/22,60,30,,
1984/2/23,49,25,,
1984/2/24,50,27,,
1984/2/25,47,19,,
1984/2/26,43,24,,
1984/2/27,34,13,,
1984/2/28,38,10,,
1984/2/29,52,19,,
1984/3/1,53,33,,
1984/3/2,55,30,,
1984/3/3,48,31,,
1984/3/4,45,24,,
1984/3/5,36,12,,
1984/3/6,46,20,,
1984/3/7,53,30,,
1984/3/8,55,18,,
1984/3/9,52,30,,
1984/3/10,51,15,,
1984/3/11,51,28,,
1984/3/12,57,27,,
1984/3/13,66,29,,
1984/3/14,69,33,,
1984/3/15,59,35,,
1984/3/16,62,28,,
1984/3/17,59,27,,
1984/3/18,58,29,,
1984/3/19,55,25,,
1984/3/20,61,29,,
1984/3/21,61,28,,
1984/3/22,59,29,,
1984/3/23,45,26,,
1984/3/24,55,25,,
1984/3/25,57,32,,
1984/3/26,50,23,,
1984/3/27,46,31,,
1984/3/28,50,25,,
1984/3/29,50,26,,
1984/3/30,49,30,,
1984/3/31,39,26,,
1984/4/1,37,31,,
1984/4/2,36,29,,
1984/4/3,43,26,,
1984/4/4,46,22,,
1984/4/5,56,29,,
1984/4/6,66,29,,
1984/4/7,66,34,,
1984/4/8,65,30,,
1984/4/9,68,31,,
1984/4/10,63,32,,
1984/4/11,63,32,,
1984/4/12,58,27,,
1984/4/13,58,34,,
1984/4/14,61,27,,
1984/4/15,63,30,,
1984/4/16,70,27,,
1984/4/17,79,35,,
1984/4/18,80,41,,
1984/4/19,53,39,,
1984/4/20,52,31,,
1984/4/21,44,31,,
1984/4/22,53,32,,
1984/4/23,55,35,,
1984/4/24,56,35,,
1984/4/25,55,33,,
1984/4/26,56,30,,
1984/4/27,52,23,,
1984/4/28,47,23,,
1984/4/29,50,33,,
1984/4/30,55,28,,
1984/5/1,63,39,,
1984/5/2,60,40,,
1984/5/3,68,33,,
1984/5/4,67,36,,
1984/5/5,61,40,,
1984/5/6,63,38,,
1984/5/7,58,33,,
1984/5/8,70,35,,
1984/5/9,83,39,,
1984/5/10,85,45,,
1984/5/11,81,46,,
1984/5/12,88,48,,
1984/5/13,80,52,,
1984/5/14,77,51,,
1984/5/15,86,49,,
1984/5/16,80,50,,
1984/5/17,77,44,,
1984/5/18,77,42,,
1984/5/19,74,46,,
1984/5/20,91,45,,
1984/5/21,78,52,,
1984/5/22,71,46,,
1984/5/23,89,44,,
1984/5/24,83,54,,
1984/5/25,75,46,,
1984/5/26,75,47,,
1984/5/27,76,44,,
1984/5/28,66,42,,
1984/5/29,83,40,,
1984/5/30,91,51,,
1984/5/31,86,63,,
1984/6/1,69,53,,
1984/6/2,72,47,,
1984/6/3,75,45,,
1984/6/4,80,43,,
1984/6/5,71,54,,
1984/6/6,72,45,,
1984/6/7,74,53,,
1984/6/8,75,41,,
1984/6/9,69,40,,
1984/6/10,64,39,,
1984/6/11,79,46,,
1984/6/12,77,58,,
1984/6/13,77,55,,
1984/6/14,85,51,,
1984/6/15,81,54,,
1984/6/16,82,51,,
1984/6/17,79,50,,
1984/6/18,79,52,,
1984/6/19,85,49,,
1984/6/20,84,52,,
1984/6/21,90,50,,
1984/6/22,90,52,,
1984/6/23,80,55,,
1984/6/24,89,51,,
1984/6/25,80,58,,
1984/6/26,87,60,,
1984/6/27,90,51,,
1984/6/28,91,59,,
1984/6/29,92,54,,
1984/6/30,90,55,,
1984/7/1,82,52,,
1984/7/2,91,53,,
1984/7/3,89,55,,
1984/7/4,85,56,,
1984/7/5,92,58,,
1984/7/6,93,59,,
1984/7/7,98,59,,
1984/7/8,91,64,,
1984/7/9,88,60,,
1984/7/10,87,58,,
1984/7/11,86,54,,
1984/7/12,93,55,,
1984/7/13,93,54,,
1984/7/14,90,61,,
1984/7/15,86,66,,
1984/7/16,94,58,,
1984/7/17,86,60,,
1984/7/18,93,55,,
1984/7/19,97,58,,
1984/7/20,92,63,,
1984/7/21,94,55,,
1984/7/22,91,59,,
1984/7/23,86,61,,
1984/7/24,85,58,,
1984/7/25,85,58,,
1984/7/26,80,61,,
1984/7/27,88,55,,
1984/7/28,88,56,,
1984/7/29,90,56,,
1984/7/30,91,57,,
1984/7/31,78,61,,
1984/8/1,82,59,,
1984/8/2,85,52,,
1984/8/3,89,57,,
1984/8/4,89,59,,
1984/8/5,89,58,,
1984/8/6,76,65,,
1984/8/7,85,56,,
1984/8/8,90,58,,
1984/8/9,83,59,,
1984/8/10,89,58,,
1984/8/11,89,55,,
1984/8/12,87,51,,
1984/8/13,90,52,,
1984/8/14,91,58,,
1984/8/15,91,58,,
1984/8/16,91,61,,
1984/8/17,88,61,,
1984/8/18,77,59,,
1984/8/19,84,59,,
1984/8/20,82,60,,
1984/8/21,71,57,,
1984/8/22,77,56,,
1984/8/23,82,53,,
1984/8/24,75,60,,
1984/8/25,84,53,,
1984/8/26,87,54,,
1984/8/27,90,60,,
1984/8/28,95,64,,
1984/8/29,91,60,,
1984/8/30,86,51,,
1984/8/31,88,55,,
1984/9/1,82,59,,
1984/9/2,80,49,,
1984/9/3,85,45,,
1984/9/4,81,46,,
1984/9/5,93,47,,
1984/9/6,92,59,,
1984/9/7,81,58,,
1984/9/8,84,42,,
1984/9/9,90,43,,
1984/9/10,92,55,,
1984/9/11,78,55,,
1984/9/12,90,57,,
1984/9/13,77,55,,
1984/9/14,61,47,,
1984/9/15,58,47,,
1984/9/16,73,46,,
1984/9/17,85,45,,
1984/9/18,86,48,,
1984/9/19,88,49,,
1984/9/20,78,52,,
1984/9/21,83,52,,
1984/9/22,74,49,,
1984/9/23,84,41,,
1984/9/24,71,38,,
1984/9/25,49,32,,
1984/9/26,57,35,,
1984/9/27,58,38,,
1984/9/28,45,30,,
1984/9/29,53,30,,
1984/9/30,71,28,,
1984/10/1,72,36,,
1984/10/2,74,47,,
1984/10/3,68,45,,
1984/10/4,55,49,,
1984/10/5,58,49,,
1984/10/6,68,39,,
1984/10/7,72,39,,
1984/10/8,65,37,,
1984/10/9,65,35,,
1984/10/10,77,38,,
1984/10/11,76,41,,
1984/10/12,74,42,,
1984/10/13,70,40,,
1984/10/14,59,35,,
1984/10/15,36,28,,
1984/10/16,44,28,,
1984/10/17,45,20,,
1984/10/18,47,32,,
1984/10/19,42,23,,
1984/10/20,36,29,,
1984/10/21,30,27,,
1984/10/22,40,22,,
1984/10/23,44,30,,
1984/10/24,49,22,,
1984/10/25,55,27,,
1984/10/26,70,28,,
1984/10/27,56,39,,
1984/10/28,57,28,,
1984/10/29,67,29,,
1984/10/30,59,30,,
1984/10/31,68,26,,
1984/11/1,53,24,,
1984/11/2,58,26,,
1984/11/3,65,39,,
1984/11/4,55,33,,
1984/11/5,54,25,,
1984/11/6,59,30,,
1984/11/7,63,35,,
1984/11/8,56,30,,
1984/11/9,49,35,,
1984/11/10,54,22,,
1984/11/11,58,33,,
1984/11/12,67,29,,
1984/11/13,70,34,,
1984/11/14,64,37,,
1984/11/15,48,22,,
1984/11/16,42,21,,
1984/11/17,53,25,,
1984/11/18,53,18,,
1984/11/19,51,24,,
1984/11/20,55,19,,
1984/11/21,60,18,,
1984/11/22,60,30,,
1984/11/23,59,22,,
1984/11/24,60,28,,
1984/11/25,46,25,,
1984/11/26,38,28,,
1984/11/27,43,17,,
1984/11/28,54,27,,
1984/11/29,49,28,,
1984/11/30,51,18,,
1984/12/1,49,26,,
1984/12/2,37,14,,
1984/12/3,36,12,,
1984/12/4,33,17,,
1984/12/5,38,13,,
1984/12/6,67,11,,
1984/12/7,68,21,,
1984/12/8,58,34,,
1984/12/9,64,31,,
1984/12/10,66,22,,
1984/12/11,58,28,,
1984/12/12,45,22,,
1984/12/13,25,16,,
1984/12/14,27,3,,
1984/12/15,41,14,,
1984/12/16,48,23,,
1984/12/17,33,10,,
1984/12/18,38,9,,
1984/12/19,55,22,,
1984/12/20,50,19,,
1984/12/21,42,23,,
1984/12/22,51,18,,
1984/12/23,54,23,,
1984/12/24,45,15,,
1984/12/25,44,17,,
1984/12/26,59,23,,
1984/12/27,54,25,,
1984/12/28,61,28,,
1984/12/29,48,25,,
1984/12/30,55,22,,
1984/12/31,43,24,,
1985/1/1,29,9,,
1985/1/2,39,3,,
1985/1/3,48,22,,
1985/1/4,55,30,,
1985/1/5,55,21,,
1985/1/6,51,26,,
1985/1/7,41,25,,
1985/1/8,32,24,,
1985/1/9,24,14,,
1985/1/10,35,7,,
1985/1/11,26,10,,
1985/1/12,28,1,,
1985/1/13,42,14,,
1985/1/14,49,16,,
1985/1/15,49,24,,
1985/1/16,40,20,,
1985/1/17,47,21,,
1985/1/18,56,30,,
1985/1/19,49,8,,
1985/1/20,27,4,,
1985/1/21,19,10,,
1985/1/22,25,9,,
1985/1/23,43,6,,
1985/1/24,48,14,,
1985/1/25,47,16,,
1985/1/26,46,22,,
1985/1/27,35,24,,
1985/1/28,38,16,,
1985/1/29,43,15,,
1985/1/30,28,-3,,
1985/1/31,14,-9,,
1985/2/1,10,-12,,
1985/2/2,19,-10,,
1985/2/3,23,-5,,
1985/2/4,11,-8,,
1985/2/5,21,-9,,
1985/2/6,28,2,,
1985/2/7,36,-1,,
1985/2/8,49,22,,
1985/2/9,43,22,,
1985/2/10,40,20,,
1985/2/11,43,20,,
1985/2/12,57,20,,
1985/2/13,46,24,,
1985/2/14,53,21,,
1985/2/15,60,28,,
1985/2/16,51,30,,
1985/2/17,45,25,,
1985/2/18,48,19,,
1985/2/19,64,22,,
1985/2/20,61,32,,
1985/2/21,54,32,,
1985/2/22,51,20,,
1985/2/23,46,26,,
1985/2/24,54,16,,
1985/2/25,55,28,,
1985/2/26,40,12,,
1985/2/27,47,15,,
1985/2/28,59,27,,
1985/3/1,56,28,,
1985/3/2,55,26,,
1985/3/3,40,16,,
1985/3/4,39,5,,
1985/3/5,43,10,,
1985/3/6,60,23,,
1985/3/7,51,26,,
1985/3/8,52,25,,
1985/3/9,56,30,,
1985/3/10,62,31,,
1985/3/11,55,42,,
1985/3/12,49,33,,
1985/3/13,50,24,,
1985/3/14,56,24,,
1985/3/15,62,27,,
1985/3/16,56,31,,
1985/3/17,65,26,,
1985/3/18,64,38,,
1985/3/19,57,40,,
1985/3/20,61,32,,
1985/3/21,63,27,,
1985/3/22,50,27,,
1985/3/23,56,35,,
1985/3/24,72,32,,
1985/3/25,78,33,,
1985/3/26,68,39,,
1985/3/27,57,32,,
1985/3/28,53,33,,
1985/3/29,43,22,,
1985/3/30,42,12,,
1985/3/31,54,23,,
1985/4/1,63,27,,
1985/4/2,75,46,,
1985/4/3,74,43,,
1985/4/4,56,34,,
1985/4/5,61,26,,
1985/4/6,39,32,,
1985/4/7,56,34,,
1985/4/8,58,26,,
1985/4/9,68,38,,
1985/4/10,72,38,,
1985/4/11,77,42,,
1985/4/12,72,47,,
1985/4/13,70,40,,
1985/4/14,77,37,,
1985/4/15,85,44,,
1985/4/16,80,42,,
1985/4/17,82,49,,
1985/4/18,78,51,,
1985/4/19,58,49,,
1985/4/20,60,33,,
1985/4/21,60,37,,
1985/4/22,52,36,,
1985/4/23,69,31,,
1985/4/24,63,39,,
1985/4/25,52,33,,
1985/4/26,38,33,,
1985/4/27,65,30,,
1985/4/28,72,38,,
1985/4/29,62,49,,
1985/4/30,70,47,,
1985/5/1,73,38,,
1985/5/2,80,41,,
1985/5/3,82,47,,
1985/5/4,83,42,,
1985/5/5,77,42,,
1985/5/6,68,43,,
1985/5/7,77,44,,
1985/5/8,84,41,,
1985/5/9,83,52,,
1985/5/10,80,54,,
1985/5/11,72,48,,
1985/5/12,57,37,,
1985/5/13,57,37,,
1985/5/14,69,31,,
1985/5/15,72,39,,
1985/5/16,69,48,,
1985/5/17,65,47,,
1985/5/18,73,40,,
1985/5/19,72,42,,
1985/5/20,59,46,,
1985/5/21,65,42,,
1985/5/22,67,46,,
1985/5/23,77,41,,
1985/5/24,83,49,,
1985/5/25,80,53,,
1985/5/26,82,56,,
1985/5/27,83,46,,
1985/5/28,86,47,,
1985/5/29,83,56,,
1985/5/30,82,51,,
1985/5/31,74,43,,
1985/6/1,76,53,,
1985/6/2,75,49,,
1985/6/3,77,48,,
1985/6/4,70,50,,
1985/6/5,80,49,,
1985/6/6,88,52,,
1985/6/7,94,58,,
1985/6/8,98,61,,
1985/6/9,96,55,,
1985/6/10,80,57,,
1985/6/11,68,49,,
1985/6/12,74,50,,
1985/6/13,89,53,,
1985/6/14,87,63,,
1985/6/15,92,52,,
1985/6/16,92,61,,
1985/6/17,84,56,,
1985/6/18,73,50,,
1985/6/19,86,45,,
1985/6/20,90,57,,
1985/6/21,90,60,,
1985/6/22,93,47,,
1985/6/23,93,69,,
1985/6/24,89,57,,
1985/6/25,81,59,,
1985/6/26,66,44,,
1985/6/27,76,41,,
1985/6/28,84,47,,
1985/6/29,87,54,,
1985/6/30,86,55,,
1985/7/1,80,53,,
1985/7/2,86,51,,
1985/7/3,93,62,,
1985/7/4,90,65,,
1985/7/5,91,55,,
1985/7/6,96,56,,
1985/7/7,95,63,,
1985/7/8,90,67,,
1985/7/9,87,59,,
1985/7/10,89,57,,
1985/7/11,97,64,,
1985/7/12,92,67,,
1985/7/13,88,60,,
1985/7/14,89,59,,
1985/7/15,83,56,,
1985/7/16,93,57,,
1985/7/17,92,65,,
1985/7/18,80,62,,
1985/7/19,71,61,,
1985/7/20,75,59,,
1985/7/21,81,57,,
1985/7/22,80,57,,
1985/7/23,85,56,,
1985/7/24,78,54,,
1985/7/25,84,57,,
1985/7/26,83,56,,
1985/7/27,90,51,,
1985/7/28,79,54,,
1985/7/29,75,58,,
1985/7/30,82,53,,
1985/7/31,90,59,,
1985/8/1,89,57,,
1985/8/2,86,58,,
1985/8/3,90,58,,
1985/8/4,87,53,,
1985/8/5,90,70,,
1985/8/6,92,63,,
1985/8/7,95,54,,
1985/8/8,96,60,,
1985/8/9,93,61,,
1985/8/10,91,45,,
1985/8/11,85,59,,
1985/8/12,82,57,,
1985/8/13,81,49,,
1985/8/14,79,55,,
1985/8/15,90,48,,
1985/8/16,91,57,,
1985/8/17,83,48,,
1985/8/18,81,53,,
1985/8/19,85,50,,
1985/8/20,94,53,,
1985/8/21,92,57,,
1985/8/22,92,60,,
1985/8/23,91,52,,
1985/8/24,83,49,,
1985/8/25,92,46,,
1985/8/26,91,55,,
1985/8/27,87,59,,
1985/8/28,90,61,,
1985/8/29,91,60,,
1985/8/30,95,60,,
1985/8/31,96,66,,
1985/9/1,85,63,,
1985/9/2,84,58,,
1985/9/3,83,56,,
1985/9/4,84,59,,
1985/9/5,87,51,,
1985/9/6,87,66,,
1985/9/7,82,52,,
1985/9/8,80,44,,
1985/9/9,74,47,,
1985/9/10,71,50,,
1985/9/11,66,55,,
1985/9/12,77,49,,
1985/9/13,76,46,,
1985/9/14,84,47,,
1985/9/15,81,53,,
1985/9/16,84,51,,
1985/9/17,85,51,,
1985/9/18,82,66,,
1985/9/19,80,51,,
1985/9/20,75,44,,
1985/9/21,76,38,,
1985/9/22,68,37,,
1985/9/23,59,31,,
1985/9/24,64,33,,
1985/9/25,59,32,,
1985/9/26,76,30,,
1985/9/27,67,46,,
1985/9/28,51,25,,
1985/9/29,35,18,,
1985/9/30,42,15,,
1985/10/1,66,23,,
1985/10/2,67,36,,
1985/10/3,76,39,,
1985/10/4,76,32,,
1985/10/5,71,28,,
1985/10/6,74,41,,
1985/10/7,68,45,,
1985/10/8,52,26,,
1985/10/9,38,26,,
1985/10/10,65,29,,
1985/10/11,60,43,,
1985/10/12,70,36,,
1985/10/13,59,33,,
1985/10/14,60,29,,
1985/10/15,71,33,,
1985/10/16,72,37,,
1985/10/17,70,39,,
1985/10/18,60,42,,
1985/10/19,66,34,,
1985/10/20,72,33,,
1985/10/21,72,39,,
1985/10/22,62,38,,
1985/10/23,69,49,,
1985/10/24,71,40,,
1985/10/25,77,46,,
1985/10/26,72,50,,
1985/10/27,74,35,,
1985/10/28,76,42,,
1985/10/29,67,39,,
1985/10/30,67,30,,
1985/10/31,61,41,,
1985/11/1,55,33,,
1985/11/2,61,33,,
1985/11/3,68,34,,
1985/11/4,71,37,,
1985/11/5,68,47,,
1985/11/6,51,28,,
1985/11/7,59,35,,
1985/11/8,62,35,,
1985/11/9,38,16,,
1985/11/10,18,12,,
1985/11/11,27,10,,
1985/11/12,28,17,,
1985/11/13,36,24,,
1985/11/14,34,17,,
1985/11/15,39,22,,
1985/11/16,51,27,,
1985/11/17,42,27,,
1985/11/18,37,26,,
1985/11/19,31,9,,
1985/11/20,25,4,,
1985/11/21,33,8,,
1985/11/22,19,8,,
1985/11/23,31,7,,
1985/11/24,42,11,,
1985/11/25,62,15,,
1985/11/26,29,20,,
1985/11/27,51,21,,
1985/11/28,37,24,,
1985/11/29,26,13,,
1985/11/30,14,1,,
1985/12/1,9,-5,,
1985/12/2,16,1,,
1985/12/3,54,8,,
1985/12/4,48,28,,
1985/12/5,53,25,,
1985/12/6,54,30,,
1985/12/7,49,27,,
1985/12/8,35,26,,
1985/12/9,28,16,,
1985/12/10,18,10,,
1985/12/11,14,-1,,
1985/12/12,30,1,,
1985/12/13,34,1,,
1985/12/14,55,13,,
1985/12/15,48,15,,
1985/12/16,49,26,,
1985/12/17,48,21,,
1985/12/18,51,22,,
1985/12/19,49,28,,
1985/12/20,54,26,,
1985/12/21,64,29,,
1985/12/22,56,34,,
1985/12/23,54,34,,
1985/12/24,42,27,,
1985/12/25,51,24,,
1985/12/26,56,33,,
1985/12/27,34,21,,
1985/12/28,52,18,,
1985/12/29,56,21,,
1985/12/30,56,32,,
1985/12/31,44,19,,
1986/1/1,59,23,,
1986/1/2,51,35,,
1986/1/3,54,24,,
1986/1/4,37,18,,
1986/1/5,54,15,,
1986/1/6,47,32,,
1986/1/7,41,25,,
1986/1/8,53,18,,
1986/1/9,56,30,,
1986/1/10,55,28,,
1986/1/11,68,33,,
1986/1/12,57,28,,
1986/1/13,65,28,,
1986/1/14,59,28,,
1986/1/15,64,29,,
1986/1/16,58,32,,
1986/1/17,61,33,,
1986/1/18,59,35,,
1986/1/19,69,51,,
1986/1/20,69,40,,
1986/1/21,55,31,,
1986/1/22,42,17,,
1986/1/23,64,25,,
1986/1/24,54,33,,
1986/1/25,44,19,,
1986/1/26,49,18,,
1986/1/27,68,22,,
1986/1/28,66,50,,
1986/1/29,57,27,,
1986/1/30,71,33,,
1986/1/31,63,36,,
1986/2/1,63,30,,
1986/2/2,57,34,,
1986/2/3,53,28,,
1986/2/4,47,27,,
1986/2/5,37,27,,
1986/2/6,31,23,,
1986/2/7,23,13,,
1986/2/8,19,6,,
1986/2/9,16,2,,
1986/2/10,24,-3,,
1986/2/11,19,2,,
1986/2/12,29,1,,
1986/2/13,47,15,,
1986/2/14,57,14,,
1986/2/15,62,41,,
1986/2/16,55,40,,
1986/2/17,60,42,,
1986/2/18,58,46,,
1986/2/19,66,49,,
1986/2/20,58,19,,
1986/2/21,51,19,,
1986/2/22,62,28,,
1986/2/23,57,42,,
1986/2/24,69,33,,
1986/2/25,75,37,,
1986/2/26,67,42,,
1986/2/27,56,36,,
1986/2/28,67,24,,
1986/3/1,72,42,,
1986/3/2,63,35,,
1986/3/3,61,39,,
1986/3/4,72,31,,
1986/3/5,63,37,,
1986/3/6,67,30,,
1986/3/7,68,30,,
1986/3/8,74,44,,
1986/3/9,62,47,,
1986/3/10,51,32,,
1986/3/11,52,32,,
1986/3/12,49,30,,
1986/3/13,49,29,,
1986/3/14,54,24,,
1986/3/15,49,32,,
1986/3/16,49,29,,
1986/3/17,44,36,,
1986/3/18,40,33,,
1986/3/19,40,24,,
1986/3/20,53,26,,
1986/3/21,70,31,,
1986/3/22,69,44,,
1986/3/23,69,33,,
1986/3/24,73,36,,
1986/3/25,66,39,,
1986/3/26,64,31,,
1986/3/27,78,37,,
1986/3/28,78,47,,
1986/3/29,78,47,,
1986/3/30,79,45,,
1986/3/31,72,41,,
1986/4/1,59,40,,
1986/4/2,64,40,,
1986/4/3,50,32,,
1986/4/4,48,21,,
1986/4/5,61,30,,
1986/4/6,68,33,,
1986/4/7,71,44,,
1986/4/8,61,43,,
1986/4/9,57,41,,
1986/4/10,65,39,,
1986/4/11,66,37,,
1986/4/12,63,38,,
1986/4/13,56,36,,
1986/4/14,60,23,,
1986/4/15,62,26,,
1986/4/16,63,35,,
1986/4/17,60,36,,
1986/4/18,53,33,,
1986/4/19,60,30,,
1986/4/20,66,37,,
1986/4/21,65,40,,
1986/4/22,83,41,,
1986/4/23,76,50,,
1986/4/24,70,43,,
1986/4/25,69,48,,
1986/4/26,58,42,,
1986/4/27,61,36,,
1986/4/28,73,38,,
1986/4/29,78,41,,
1986/4/30,77,43,,
1986/5/1,71,39,,
1986/5/2,83,45,,
1986/5/3,82,51,,
1986/5/4,85,45,,
1986/5/5,76,47,,
1986/5/6,68,39,,
1986/5/7,64,44,,
1986/5/8,49,37,,
1986/5/9,61,38,,
1986/5/10,72,36,,
1986/5/11,79,42,,
1986/5/12,79,43,,
1986/5/13,75,37,,
1986/5/14,72,47,,
1986/5/15,67,43,,
1986/5/16,47,37,,
1986/5/17,61,36,,
1986/5/18,71,39,,
1986/5/19,76,46,,
1986/5/20,82,46,,
1986/5/21,85,48,,
1986/5/22,77,47,,
1986/5/23,69,40,,
1986/5/24,68,43,,
1986/5/25,70,41,,
1986/5/26,69,41,,
1986/5/27,65,42,,
1986/5/28,69,48,,
1986/5/29,63,47,,
1986/5/30,74,41,,
1986/5/31,77,46,,
1986/6/1,77,51,,
1986/6/2,74,55,,
1986/6/3,80,51,,
1986/6/4,74,53,,
1986/6/5,74,53,,
1986/6/6,88,55,,
1986/6/7,86,55,,
1986/6/8,79,55,,
1986/6/9,73,52,,
1986/6/10,64,50,,
1986/6/11,81,42,,
1986/6/12,86,58,,
1986/6/13,84,50,,
1986/6/14,82,48,,
1986/6/15,91,51,,
1986/6/16,93,61,,
1986/6/17,87,58,,
1986/6/18,87,51,,
1986/6/19,85,59,,
1986/6/20,85,54,,
1986/6/21,91,54,,
1986/6/22,86,56,,
1986/6/23,89,54,,
1986/6/24,89,56,,
1986/6/25,85,56,,
1986/6/26,82,62,,
1986/6/27,91,56,,
1986/6/28,94,63,,
1986/6/29,90,61,,
1986/6/30,84,62,,
1986/7/1,87,53,,
1986/7/2,93,57,,
1986/7/3,94,62,,
1986/7/4,93,70,,
1986/7/5,82,59,,
1986/7/6,74,53,,
1986/7/7,85,53,,
1986/7/8,86,56,,
1986/7/9,87,53,,
1986/7/10,81,56,,
1986/7/11,89,55,,
1986/7/12,85,54,,
1986/7/13,94,57,,
1986/7/14,95,63,,
1986/7/15,91,62,,
1986/7/16,84,58,,
1986/7/17,86,54,,
1986/7/18,79,54,,
1986/7/19,78,55,,
1986/7/20,75,56,,
1986/7/21,83,53,,
1986/7/22,83,56,,
1986/7/23,86,59,,
1986/7/24,85,60,,
1986/7/25,87,55,,
1986/7/26,86,62,,
1986/7/27,90,54,,
1986/7/28,92,56,,
1986/7/29,93,59,,
1986/7/30,90,55,,
1986/7/31,82,55,,
1986/8/1,82,53,,
1986/8/2,82,62,,
1986/8/3,82,53,,
1986/8/4,89,52,,
1986/8/5,84,53,,
1986/8/6,91,56,,
1986/8/7,86,56,,
1986/8/8,85,55,,
1986/8/9,83,54,,
1986/8/10,81,51,,
1986/8/11,90,56,,
1986/8/12,85,57,,
1986/8/13,89,63,,
1986/8/14,82,56,,
1986/8/15,91,50,,
1986/8/16,95,66,,
1986/8/17,89,57,,
1986/8/18,97,59,,
1986/8/19,89,59,,
1986/8/20,80,63,,
1986/8/21,80,55,,
1986/8/22,81,61,,
1986/8/23,79,56,,
1986/8/24,87,54,,
1986/8/25,85,59,,
1986/8/26,77,57,,
1986/8/27,85,52,,
1986/8/28,81,53,,
1986/8/29,87,57,,
1986/8/30,82,60,,
1986/8/31,76,55,,
1986/9/1,72,48,,
1986/9/2,73,47,,
1986/9/3,83,50,,
1986/9/4,83,50,,
1986/9/5,83,54,,
1986/9/6,74,46,,
1986/9/7,53,44,,
1986/9/8,84,48,,
1986/9/9,80,53,,
1986/9/10,72,49,,
1986/9/11,77,42,,
1986/9/12,79,48,,
1986/9/13,67,45,,
1986/9/14,84,44,,
1986/9/15,72,47,,
1986/9/16,77,50,,
1986/9/17,83,46,,
1986/9/18,70,46,,
1986/9/19,71,43,,
1986/9/20,71,47,,
1986/9/21,71,47,,
1986/9/22,65,51,,
1986/9/23,73,48,,
1986/9/24,65,47,,
1986/9/25,73,49,,
1986/9/26,64,38,,
1986/9/27,69,34,,
1986/9/28,67,39,,
1986/9/29,59,42,,
1986/9/30,65,36,,
1986/10/1,68,35,,
1986/10/2,65,38,,
1986/10/3,52,38,,
1986/10/4,66,31,,
1986/10/5,59,36,,
1986/10/6,71,37,,
1986/10/7,76,40,,
1986/10/8,75,41,,
1986/10/9,64,44,,
1986/10/10,71,40,,
1986/10/11,46,28,,
1986/10/12,36,23,,
1986/10/13,64,21,,
1986/10/14,67,35,,
1986/10/15,67,34,,
1986/10/16,74,36,,
1986/10/17,72,38,,
1986/10/18,68,36,,
1986/10/19,59,42,,
1986/10/20,58,40,,
1986/10/21,48,40,,
1986/10/22,61,38,,
1986/10/23,51,42,,
1986/10/24,60,33,,
1986/10/25,67,39,,
1986/10/26,69,38,,
1986/10/27,61,39,,
1986/10/28,68,47,,
1986/10/29,70,38,,
1986/10/30,73,44,,
1986/10/31,65,33,,
1986/11/1,34,29,,
1986/11/2,45,24,,
1986/11/3,54,29,,
1986/11/4,54,38,,
1986/11/5,64,33,,
1986/11/6,51,38,,
1986/11/7,44,27,,
1986/11/8,36,24,,
1986/11/9,42,19,,
1986/11/10,35,7,,
1986/11/11,56,15,,
1986/11/12,48,10,,
1986/11/13,46,5,,
1986/11/14,64,26,,
1986/11/15,62,36,,
1986/11/16,60,40,,
1986/11/17,61,30,,
1986/11/18,54,32,,
1986/11/19,57,33,,
1986/11/20,57,28,,
1986/11/21,68,35,,
1986/11/22,60,36,,
1986/11/23,48,25,,
1986/11/24,62,29,,
1986/11/25,53,30,,
1986/11/26,50,24,,
1986/11/27,59,33,,
1986/11/28,69,37,,
1986/11/29,61,38,,
1986/11/30,44,30,,
1986/12/1,45,25,,
1986/12/2,49,26,,
1986/12/3,33,17,,
1986/12/4,35,18,,
1986/12/5,56,22,,
1986/12/6,40,25,,
1986/12/7,34,25,,
1986/12/8,39,20,,
1986/12/9,27,13,,
1986/12/10,35,-2,,
1986/12/11,42,16,,
1986/12/12,44,20,,
1986/12/13,52,19,,
1986/12/14,49,32,,
1986/12/15,51,25,,
1986/12/16,53,26,,
1986/12/17,45,24,,
1986/12/18,49,18,,
1986/12/19,52,26,,
1986/12/20,46,24,,
1986/12/21,44,22,,
1986/12/22,51,21,,
1986/12/23,53,23,,
1986/12/24,42,28,,
1986/12/25,39,19,,
1986/12/26,40,18,,
1986/12/27,45,22,,
1986/12/28,51,23,,
1986/12/29,55,25,,
1986/12/30,55,35,,
1986/12/31,43,28,,
1987/1/1,36,14,,
1987/1/2,43,23,,
1987/1/3,51,24,,
1987/1/4,61,28,,
1987/1/5,52,32,,
1987/1/6,43,29,,
1987/1/7,33,27,,
1987/1/8,31,26,,
1987/1/9,42,17,,
1987/1/10,49,21,,
1987/1/11,64,29,,
1987/1/12,61,33,,
1987/1/13,59,31,,
1987/1/14,41,25,,
1987/1/15,30,8,,
1987/1/16,12,0,,
1987/1/17,29,-4,,
1987/1/18,37,15,,
1987/1/19,30,18,,
1987/1/20,30,5,,
1987/1/21,38,11,,
1987/1/22,46,11,,
1987/1/23,51,29,,
1987/1/24,50,30,,
1987/1/25,51,36,,
1987/1/26,58,32,,
1987/1/27,65,49,,
1987/1/28,62,31,,
1987/1/29,53,28,,
1987/1/30,51,21,,
1987/1/31,55,30,,
1987/2/1,61,29,,
1987/2/2,64,38,,
1987/2/3,57,28,,
1987/2/4,44,26,,
1987/2/5,49,19,,
1987/2/6,60,26,,
1987/2/7,74,37,,
1987/2/8,61,31,,
1987/2/9,64,28,,
1987/2/10,58,37,,
1987/2/11,59,36,,
1987/2/12,59,30,,
1987/2/13,61,33,,
1987/2/14,52,33,,
1987/2/15,44,26,,
1987/2/16,37,30,,
1987/2/17,38,29,,
1987/2/18,38,28,,
1987/2/19,32,26,,
1987/2/20,34,24,,
1987/2/21,41,12,,
1987/2/22,43,14,,
1987/2/23,41,20,,
1987/2/24,35,21,,
1987/2/25,35,23,,
1987/2/26,31,21,,
1987/2/27,31,5,,
1987/2/28,45,12,,
1987/3/1,54,18,,
1987/3/2,54,31,,
1987/3/3,60,29,,
1987/3/4,65,33,,
1987/3/5,71,33,,
1987/3/6,71,34,,
1987/3/7,68,38,,
1987/3/8,58,29,,
1987/3/9,29,16,,
1987/3/10,48,19,,
1987/3/11,58,27,,
1987/3/12,63,29,,
1987/3/13,68,35,,
1987/3/14,60,43,,
1987/3/15,51,35,,
1987/3/16,45,31,,
1987/3/17,41,27,,
1987/3/18,60,28,,
1987/3/19,58,28,,
1987/3/20,54,35,,
1987/3/21,46,23,,
1987/3/22,46,28,,
1987/3/23,44,24,,
1987/3/24,41,22,,
1987/3/25,44,26,,
1987/3/26,58,22,,
1987/3/27,51,27,,
1987/3/28,29,15,,
1987/3/29,23,8,,
1987/3/30,49,9,,
1987/3/31,65,32,,
1987/4/1,60,30,,
1987/4/2,46,16,,
1987/4/3,64,24,,
1987/4/4,56,28,,
1987/4/5,50,29,,
1987/4/6,57,27,,
1987/4/7,58,30,,
1987/4/8,70,31,,
1987/4/9,62,40,,
1987/4/10,64,31,,
1987/4/11,65,38,,
1987/4/12,60,32,,
1987/4/13,46,22,,
1987/4/14,66,28,,
1987/4/15,77,44,,
1987/4/16,77,46,,
1987/4/17,83,53,,
1987/4/18,84,50,,
1987/4/19,77,47,,
1987/4/20,58,32,,
1987/4/21,59,25,,
1987/4/22,75,36,,
1987/4/23,80,42,,
1987/4/24,82,45,,
1987/4/25,80,46,,
1987/4/26,79,47,,
1987/4/27,67,49,,
1987/4/28,81,43,,
1987/4/29,80,48,,
1987/4/30,77,51,,
1987/5/1,74,46,,
1987/5/2,68,43,,
1987/5/3,50,42,,
1987/5/4,55,41,,
1987/5/5,61,43,,
1987/5/6,71,47,,
1987/5/7,75,43,,
1987/5/8,79,44,,
1987/5/9,83,49,,
1987/5/10,81,54,,
1987/5/11,75,48,,
1987/5/12,76,46,,
1987/5/13,81,58,,
1987/5/14,82,49,,
1987/5/15,84,49,,
1987/5/16,78,49,,
1987/5/17,71,53,,
1987/5/18,77,45,,
1987/5/19,73,48,,
1987/5/20,62,51,,
1987/5/21,54,43,,
1987/5/22,67,37,,
1987/5/23,67,51,,
1987/5/24,65,49,,
1987/5/25,74,41,,
1987/5/26,70,46,,
1987/5/27,70,38,,
1987/5/28,73,40,,
1987/5/29,69,48,,
1987/5/30,76,45,,
1987/5/31,83,46,,
1987/6/1,80,50,,
1987/6/2,80,45,,
1987/6/3,76,50,,
1987/6/4,85,44,,
1987/6/5,90,55,,
1987/6/6,87,55,,
1987/6/7,87,61,,
1987/6/8,77,59,,
1987/6/9,72,55,,
1987/6/10,84,50,,
1987/6/11,86,53,,
1987/6/12,88,53,,
1987/6/13,88,56,,
1987/6/14,87,57,,
1987/6/15,86,51,,
1987/6/16,90,56,,
1987/6/17,88,53,,
1987/6/18,81,54,,
1987/6/19,83,52,,
1987/6/20,88,52,,
1987/6/21,86,59,,
1987/6/22,90,60,,
1987/6/23,79,51,,
1987/6/24,80,52,,
1987/6/25,80,50,,
1987/6/26,85,53,,
1987/6/27,92,59,,
1987/6/28,87,55,,
1987/6/29,79,54,,
1987/6/30,70,50,,
1987/7/1,86,51,,
1987/7/2,85,54,,
1987/7/3,87,52,,
1987/7/4,84,53,,
1987/7/5,87,52,,
1987/7/6,92,64,,
1987/7/7,85,57,,
1987/7/8,84,53,,
1987/7/9,92,53,,
1987/7/10,91,59,,
1987/7/11,81,56,,
1987/7/12,73,48,,
1987/7/13,79,44,,
1987/7/14,82,50,,
1987/7/15,91,54,,
1987/7/16,95,56,,
1987/7/17,87,57,,
1987/7/18,90,50,,
1987/7/19,89,64,,
1987/7/20,94,64,,
1987/7/21,93,58,,
1987/7/22,89,58,,
1987/7/23,94,58,,
1987/7/24,94,61,,
1987/7/25,95,61,,
1987/7/26,93,60,,
1987/7/27,93,62,,
1987/7/28,90,65,,
1987/7/29,91,61,,
1987/7/30,92,63,,
1987/7/31,90,64,,
1987/8/1,91,63,,
1987/8/2,94,61,,
1987/8/3,88,59,,
1987/8/4,84,55,,
1987/8/5,95,55,,
1987/8/6,91,69,,
1987/8/7,83,59,,
1987/8/8,78,54,,
1987/8/9,85,56,,
1987/8/10,90,52,,
1987/8/11,90,64,,
1987/8/12,80,57,,
1987/8/13,76,52,,
1987/8/14,88,51,,
1987/8/15,89,63,,
1987/8/16,86,53,,
1987/8/17,91,53,,
1987/8/18,81,48,,
1987/8/19,94,51,,
1987/8/20,94,61,,
1987/8/21,88,63,,
1987/8/22,65,55,,
1987/8/23,58,52,,
1987/8/24,66,54,,
1987/8/25,79,53,,
1987/8/26,70,52,,
1987/8/27,69,49,,
1987/8/28,81,46,,
1987/8/29,84,50,,
1987/8/30,78,50,,
1987/8/31,83,46,,
1987/9/1,83,53,,
1987/9/2,88,51,,
1987/9/3,90,64,,
1987/9/4,79,55,,
1987/9/5,73,47,,
1987/9/6,79,47,,
1987/9/7,71,48,,
1987/9/8,82,45,,
1987/9/9,76,51,,
1987/9/10,74,50,,
1987/9/11,71,42,,
1987/9/12,83,42,,
1987/9/13,85,52,,
1987/9/14,79,49,,
1987/9/15,71,47,,
1987/9/16,78,44,,
1987/9/17,65,46,,
1987/9/18,70,35,,
1987/9/19,71,38,,
1987/9/20,72,46,,
1987/9/21,72,38,,
1987/9/22,77,38,,
1987/9/23,84,44,,
1987/9/24,85,47,,
1987/9/25,83,48,,
1987/9/26,83,47,,
1987/9/27,73,58,,
1987/9/28,68,37,,
1987/9/29,72,38,,
1987/9/30,77,39,,
1987/10/1,80,49,,
1987/10/2,77,42,,
1987/10/3,84,46,,
1987/10/4,84,48,,
1987/10/5,74,40,,
1987/10/6,71,36,,
1987/10/7,79,36,,
1987/10/8,76,47,,
1987/10/9,64,35,,
1987/10/10,51,28,,
1987/10/11,70,26,,
1987/10/12,78,35,,
1987/10/13,69,51,,
1987/10/14,55,35,,
1987/10/15,68,37,,
1987/10/16,58,37,,
1987/10/17,72,33,,
1987/10/18,58,34,,
1987/10/19,44,29,,
1987/10/20,54,28,,
1987/10/21,74,27,,
1987/10/22,63,32,,
1987/10/23,68,35,,
1987/10/24,58,31,,
1987/10/25,67,38,,
1987/10/26,69,51,,
1987/10/27,64,29,,
1987/10/28,76,36,,
1987/10/29,78,44,,
1987/10/30,60,47,,
1987/10/31,63,44,,
1987/11/1,64,43,,
1987/11/2,67,45,,
1987/11/3,69,37,,
1987/11/4,67,39,,
1987/11/5,67,32,,
1987/11/6,62,40,,
1987/11/7,61,34,,
1987/11/8,56,35,,
1987/11/9,58,27,,
1987/11/10,61,28,,
1987/11/11,62,34,,
1987/11/12,63,35,,
1987/11/13,59,40,,
1987/11/14,50,38,,
1987/11/15,43,28,,
1987/11/16,36,18,,
1987/11/17,40,19,,
1987/11/18,44,14,,
1987/11/19,54,24,,
1987/11/20,58,29,,
1987/11/21,62,29,,
1987/11/22,53,35,,
1987/11/23,45,23,,
1987/11/24,45,26,,
1987/11/25,42,20,,
1987/11/26,33,25,,
1987/11/27,39,18,,
1987/11/28,47,16,,
1987/11/29,38,20,,
1987/11/30,44,19,,
1987/12/1,52,20,,
1987/12/2,58,33,,
1987/12/3,65,40,,
1987/12/4,61,41,,
1987/12/5,60,40,,
1987/12/6,60,38,,
1987/12/7,62,33,,
1987/12/8,52,27,,
1987/12/9,48,24,,
1987/12/10,64,36,,
1987/12/11,54,29,,
1987/12/12,35,16,,
1987/12/13,26,16,,
1987/12/14,20,5,,
1987/12/15,35,0,,
1987/12/16,33,8,,
1987/12/17,43,14,,
1987/12/18,41,25,,
1987/12/19,36,20,,
1987/12/20,32,20,,
1987/12/21,44,16,,
1987/12/22,40,22,,
1987/12/23,31,18,,
1987/12/24,18,11,,
1987/12/25,22,-2,,
1987/12/26,25,4,,
1987/12/27,26,16,,
1987/12/28,44,16,,
1987/12/29,39,12,,
1987/12/30,40,18,,
1987/12/31,28,0,,
1988/1/1,27,2,,
1988/1/2,34,2,,
1988/1/3,33,3,,
1988/1/4,17,-2,,
1988/1/5,15,4,,
1988/1/6,13,7,,
1988/1/7,26,-1,,
1988/1/8,26,6,,
1988/1/9,40,3,,
1988/1/10,53,18,,
1988/1/11,59,33,,
1988/1/12,34,23,,
1988/1/13,42,11,,
1988/1/14,51,26,,
1988/1/15,62,33,,
1988/1/16,53,28,,
1988/1/17,47,17,,
1988/1/18,33,20,,
1988/1/19,27,19,,
1988/1/20,34,9,,
1988/1/21,33,12,,
1988/1/22,38,11,,
1988/1/23,51,28,,
1988/1/24,34,17,,
1988/1/25,47,20,,
1988/1/26,49,22,,
1988/1/27,62,23,,
1988/1/28,67,32,,
1988/1/29,66,40,,
1988/1/30,55,38,,
1988/1/31,41,20,,
1988/2/1,21,9,,
1988/2/2,33,6,,
1988/2/3,36,18,,
1988/2/4,37,20,,
1988/2/5,33,8,,
1988/2/6,52,6,,
1988/2/7,46,24,,
1988/2/8,51,29,,
1988/2/9,54,22,,
1988/2/10,47,10,,
1988/2/11,49,4,,
1988/2/12,58,30,,
1988/2/13,63,38,,
1988/2/14,44,29,,
1988/2/15,60,30,,
1988/2/16,49,28,,
1988/2/17,40,11,,
1988/2/18,43,11,,
1988/2/19,48,18,,
1988/2/20,54,33,,
1988/2/21,65,41,,
1988/2/22,54,27,,
1988/2/23,38,18,,
1988/2/24,47,18,,
1988/2/25,63,25,,
1988/2/26,65,31,,
1988/2/27,66,30,,
1988/2/28,55,36,,
1988/2/29,64,28,,
1988/3/1,61,36,,
1988/3/2,52,26,,
1988/3/3,47,25,,
1988/3/4,49,29,,
1988/3/5,58,25,,
1988/3/6,61,30,,
1988/3/7,54,31,,
1988/3/8,53,25,,
1988/3/9,69,34,,
1988/3/10,59,32,,
1988/3/11,38,27,,
1988/3/12,33,19,,
1988/3/13,28,4,,
1988/3/14,49,15,,
1988/3/15,41,20,,
1988/3/16,33,20,,
1988/3/17,33,10,,
1988/3/18,49,12,,
1988/3/19,67,36,,
1988/3/20,69,39,,
1988/3/21,73,43,,
1988/3/22,64,42,,
1988/3/23,70,33,,
1988/3/24,62,35,,
1988/3/25,59,32,,
1988/3/26,70,33,,
1988/3/27,75,43,,
1988/3/28,68,25,,
1988/3/29,55,19,,
1988/3/30,47,30,,
1988/3/31,33,24,,
1988/4/1,41,15,,
1988/4/2,61,30,,
1988/4/3,72,34,,
1988/4/4,70,47,,
1988/4/5,61,39,,
1988/4/6,79,41,,
1988/4/7,86,44,,
1988/4/8,74,33,,
1988/4/9,37,27,,
1988/4/10,55,20,,
1988/4/11,69,31,,
1988/4/12,76,40,,
1988/4/13,78,51,,
1988/4/14,64,35,,
1988/4/15,65,34,,
1988/4/16,70,39,,
1988/4/17,61,44,,
1988/4/18,72,33,,
1988/4/19,70,42,,
1988/4/20,72,41,,
1988/4/21,71,51,,
1988/4/22,52,32,,
1988/4/23,55,27,,
1988/4/24,61,38,,
1988/4/25,66,38,,
1988/4/26,60,28,,
1988/4/27,69,29,,
1988/4/28,71,41,,
1988/4/29,74,50,,
1988/4/30,84,43,,
1988/5/1,79,48,,
1988/5/2,51,33,,
1988/5/3,60,28,,
1988/5/4,68,34,,
1988/5/5,81,36,,
1988/5/6,74,50,,
1988/5/7,65,40,,
1988/5/8,63,43,,
1988/5/9,71,37,,
1988/5/10,65,47,,
1988/5/11,76,41,,
1988/5/12,83,46,,
1988/5/13,89,52,,
1988/5/14,86,60,,
1988/5/15,80,46,,
1988/5/16,89,45,,
1988/5/17,85,63,,
1988/5/18,71,53,,
1988/5/19,53,42,,
1988/5/20,54,40,,
1988/5/21,62,39,,
1988/5/22,60,47,,
1988/5/23,68,46,,
1988/5/24,78,45,,
1988/5/25,78,46,,
1988/5/26,83,46,,
1988/5/27,84,50,,
1988/5/28,85,48,,
1988/5/29,85,48,,
1988/5/30,81,47,,
1988/5/31,70,50,,
1988/6/1,75,40,,
1988/6/2,78,46,,
1988/6/3,80,51,,
1988/6/4,87,50,,
1988/6/5,85,52,,
1988/6/6,90,48,,
1988/6/7,92,65,,
1988/6/8,91,63,,
1988/6/9,90,61,,
1988/6/10,87,49,,
1988/6/11,84,55,,
1988/6/12,82,50,,
1988/6/13,74,53,,
1988/6/14,76,48,,
1988/6/15,81,50,,
1988/6/16,85,49,,
1988/6/17,90,59,,
1988/6/18,91,58,,
1988/6/19,93,61,,
1988/6/20,93,63,,
1988/6/21,92,64,,
1988/6/22,89,65,,
1988/6/23,92,61,,
1988/6/24,98,60,,
1988/6/25,86,64,,
1988/6/26,82,56,,
1988/6/27,87,60,,
1988/6/28,86,56,,
1988/6/29,78,63,,
1988/6/30,77,64,,
1988/7/1,89,51,,
1988/7/2,89,54,,
1988/7/3,94,54,,
1988/7/4,89,63,,
1988/7/5,91,54,,
1988/7/6,93,63,,
1988/7/7,87,62,,
1988/7/8,82,58,,
1988/7/9,84,55,,
1988/7/10,86,58,,
1988/7/11,87,52,,
1988/7/12,90,55,,
1988/7/13,96,60,,
1988/7/14,92,71,,
1988/7/15,87,59,,
1988/7/16,91,61,,
1988/7/17,87,57,,
1988/7/18,87,57,,
1988/7/19,80,51,,
1988/7/20,80,48,,
1988/7/21,92,48,,
1988/7/22,93,53,,
1988/7/23,91,68,,
1988/7/24,92,53,,
1988/7/25,89,57,,
1988/7/26,83,56,,
1988/7/27,89,56,,
1988/7/28,85,60,,
1988/7/29,87,59,,
1988/7/30,88,59,,
1988/7/31,90,59,,
1988/8/1,92,61,,
1988/8/2,90,63,,
1988/8/3,83,62,,
1988/8/4,78,58,,
1988/8/5,84,54,,
1988/8/6,83,60,,
1988/8/7,81,61,,
1988/8/8,86,55,,
1988/8/9,88,52,,
1988/8/10,91,51,,
1988/8/11,92,57,,
1988/8/12,86,58,,
1988/8/13,91,63,,
1988/8/14,96,63,,
1988/8/15,97,58,,
1988/8/16,88,61,,
1988/8/17,76,55,,
1988/8/18,85,52,,
1988/8/19,89,55,,
1988/8/20,94,53,,
1988/8/21,85,63,,
1988/8/22,84,60,,
1988/8/23,89,54,,
1988/8/24,91,56,,
1988/8/25,88,54,,
1988/8/26,93,54,,
1988/8/27,78,55,,
1988/8/28,76,46,,
1988/8/29,82,53,,
1988/8/30,88,50,,
1988/8/31,90,63,,
1988/9/1,80,55,,
1988/9/2,81,54,,
1988/9/3,81,53,,
1988/9/4,80,44,,
1988/9/5,86,45,,
1988/9/6,90,52,,
1988/9/7,93,56,,
1988/9/8,85,53,,
1988/9/9,90,47,,
1988/9/10,86,61,,
1988/9/11,74,53,,
1988/9/12,53,40,,
1988/9/13,48,44,,
1988/9/14,60,42,,
1988/9/15,71,42,,
1988/9/16,83,48,,
1988/9/17,86,53,,
1988/9/18,83,51,,
1988/9/19,74,46,,
1988/9/20,82,39,,
1988/9/21,78,52,,
1988/9/22,73,47,,
1988/9/23,75,40,,
1988/9/24,82,43,,
1988/9/25,84,47,,
1988/9/26,82,48,,
1988/9/27,76,46,,
1988/9/28,65,47,,
1988/9/29,68,33,,
1988/9/30,70,36,,
1988/10/1,67,45,,
1988/10/2,76,39,,
1988/10/3,70,44,,
1988/10/4,57,42,,
1988/10/5,57,36,,
1988/10/6,64,42,,
1988/10/7,69,38,,
1988/10/8,76,42,,
1988/10/9,64,44,,
1988/10/10,71,46,,
1988/10/11,76,39,,
1988/10/12,80,44,,
1988/10/13,76,48,,
1988/10/14,79,43,,
1988/10/15,76,49,,
1988/10/16,77,47,,
1988/10/17,71,51,,
1988/10/18,71,41,,
1988/10/19,65,38,,
1988/10/20,69,36,,
1988/10/21,71,35,,
1988/10/22,77,40,,
1988/10/23,71,30,,
1988/10/24,74,35,,
1988/10/25,57,35,,
1988/10/26,77,33,,
1988/10/27,66,37,,
1988/10/28,54,25,,
1988/10/29,62,34,,
1988/10/30,70,36,,
1988/10/31,73,37,,
1988/11/1,75,38,,
1988/11/2,67,46,,
1988/11/3,62,45,,
1988/11/4,55,44,,
1988/11/5,58,29,,
1988/11/6,73,30,,
1988/11/7,62,41,,
1988/11/8,61,26,,
1988/11/9,51,37,,
1988/11/10,45,24,,
1988/11/11,54,28,,
1988/11/12,62,26,,
1988/11/13,65,34,,
1988/11/14,69,34,,
1988/11/15,57,28,,
1988/11/16,44,21,,
1988/11/17,47,18,,
1988/11/18,40,22,,
1988/11/19,40,17,,
1988/11/20,46,21,,
1988/11/21,50,27,,
1988/11/22,55,27,,
1988/11/23,70,37,,
1988/11/24,61,37,,
1988/11/25,39,27,,
1988/11/26,35,22,,
1988/11/27,33,13,,
1988/11/28,61,24,,
1988/11/29,43,26,,
1988/11/30,46,20,,
1988/12/1,61,31,,
1988/12/2,65,28,,
1988/12/3,55,28,,
1988/12/4,59,23,,
1988/12/5,61,27,,
1988/12/6,53,31,,
1988/12/7,35,20,,
1988/12/8,27,14,,
1988/12/9,46,14,,
1988/12/10,46,22,,
1988/12/11,43,24,,
1988/12/12,54,25,,
1988/12/13,63,25,,
1988/12/14,56,26,,
1988/12/15,26,14,,
1988/12/16,41,6,,
1988/12/17,53,24,,
1988/12/18,63,30,,
1988/12/19,52,35,,
1988/12/20,44,28,,
1988/12/21,44,20,,
1988/12/22,41,26,,
1988/12/23,38,16,,
1988/12/24,33,15,,
1988/12/25,30,16,,
1988/12/26,32,11,,
1988/12/27,30,0,,
1988/12/28,23,3,,
1988/12/29,41,8,,
1988/12/30,39,15,,
1988/12/31,52,19,,
1989/1/1,46,20,,
1989/1/2,52,20,,
1989/1/3,60,37,,
1989/1/4,56,31,,
1989/1/5,56,37,,
1989/1/6,53,30,,
1989/1/7,37,19,,
1989/1/8,29,13,,
1989/1/9,43,17,,
1989/1/10,58,29,,
1989/1/11,45,20,,
1989/1/12,29,6,,
1989/1/13,39,5,,
1989/1/14,44,18,,
1989/1/15,36,14,,
1989/1/16,53,19,,
1989/1/17,56,32,,
1989/1/18,58,26,,
1989/1/19,51,36,,
1989/1/20,56,20,,
1989/1/21,61,32,,
1989/1/22,63,29,,
1989/1/23,54,30,,
1989/1/24,38,22,,
1989/1/25,29,23,,
1989/1/26,49,11,,
1989/1/27,59,20,,
1989/1/28,43,25,,
1989/1/29,47,15,,
1989/1/30,67,29,,
1989/1/31,69,39,,
1989/2/1,55,11,,
1989/2/2,11,-7,,
1989/2/3,-5,-17,,
1989/2/4,-12,-18,,
1989/2/5,6,-24,,
1989/2/6,18,-10,,
1989/2/7,27,-3,,
1989/2/8,17,-2,,
1989/2/9,43,-1,,
1989/2/10,51,18,,
1989/2/11,43,30,,
1989/2/12,39,28,,
1989/2/13,32,19,,
1989/2/14,29,14,,
1989/2/15,30,16,,
1989/2/16,37,10,,
1989/2/17,27,16,,
1989/2/18,41,18,,
1989/2/19,47,21,,
1989/2/20,35,31,,
1989/2/21,45,20,,
1989/2/22,41,19,,
1989/2/23,61,25,,
1989/2/24,62,32,,
1989/2/25,68,37,,
1989/2/26,57,29,,
1989/2/27,48,27,,
1989/2/28,35,20,,
1989/3/1,29,17,,
1989/3/2,35,23,,
1989/3/3,29,8,,
1989/3/4,23,0,,
1989/3/5,36,-1,,
1989/3/6,62,15,,
1989/3/7,59,30,,
1989/3/8,69,38,,
1989/3/9,77,43,,
1989/3/10,79,45,,
1989/3/11,77,47,,
1989/3/12,68,45,,
1989/3/13,75,34,,
1989/3/14,57,36,,
1989/3/15,51,30,,
1989/3/16,72,35,,
1989/3/17,63,25,,
1989/3/18,62,26,,
1989/3/19,64,32,,
1989/3/20,54,21,,
1989/3/21,62,14,,
1989/3/22,67,39,,
1989/3/23,63,33,,
1989/3/24,68,35,,
1989/3/25,72,33,,
1989/3/26,71,43,,
1989/3/27,65,45,,
1989/3/28,72,35,,
1989/3/29,65,40,,
1989/3/30,52,30,,
1989/3/31,65,24,,
1989/4/1,61,39,,
1989/4/2,58,31,,
1989/4/3,52,37,,
1989/4/4,48,30,,
1989/4/5,66,29,,
1989/4/6,71,44,,
1989/4/7,78,40,,
1989/4/8,71,37,,
1989/4/9,43,20,,
1989/4/10,41,9,,
1989/4/11,41,28,,
1989/4/12,56,26,,
1989/4/13,67,30,,
1989/4/14,68,36,,
1989/4/15,76,34,,
1989/4/16,71,49,,
1989/4/17,67,42,,
1989/4/18,67,33,,
1989/4/19,80,39,,
1989/4/20,83,50,,
1989/4/21,88,53,,
1989/4/22,84,59,,
1989/4/23,85,57,,
1989/4/24,82,47,,
1989/4/25,68,48,,
1989/4/26,74,44,,
1989/4/27,73,39,,
1989/4/28,50,35,,
1989/4/29,43,29,,
1989/4/30,39,29,,
1989/5/1,66,24,,
1989/5/2,69,41,,
1989/5/3,67,41,,
1989/5/4,66,36,,
1989/5/5,69,35,,
1989/5/6,77,38,,
1989/5/7,84,49,,
1989/5/8,77,53,,
1989/5/9,67,47,,
1989/5/10,71,45,,
1989/5/11,80,47,,
1989/5/12,74,48,,
1989/5/13,66,42,,
1989/5/14,49,42,,
1989/5/15,66,36,,
1989/5/16,65,41,,
1989/5/17,72,40,,
1989/5/18,79,46,,
1989/5/19,76,48,,
1989/5/20,79,39,,
1989/5/21,74,49,,
1989/5/22,85,45,,
1989/5/23,90,56,,
1989/5/24,83,54,,
1989/5/25,73,49,,
1989/5/26,64,37,,
1989/5/27,81,39,,
1989/5/28,91,51,,
1989/5/29,89,65,,
1989/5/30,83,49,,
1989/5/31,62,44,,
1989/6/1,69,45,,
1989/6/2,77,46,,
1989/6/3,75,49,,
1989/6/4,53,46,,
1989/6/5,74,41,,
1989/6/6,78,50,,
1989/6/7,77,50,,
1989/6/8,74,49,,
1989/6/9,69,48,,
1989/6/10,76,46,,
1989/6/11,80,51,,
1989/6/12,78,49,,
1989/6/13,70,46,,
1989/6/14,70,42,,
1989/6/15,83,42,,
1989/6/16,92,52,,
1989/6/17,85,57,,
1989/6/18,90,50,,
1989/6/19,94,59,,
1989/6/20,94,66,,
1989/6/21,85,51,,
1989/6/22,69,46,,
1989/6/23,68,49,,
1989/6/24,70,48,,
1989/6/25,76,54,,
1989/6/26,79,55,,
1989/6/27,88,49,,
1989/6/28,86,54,,
1989/6/29,86,56,,
1989/6/30,94,50,,
1989/7/1,97,52,,
1989/7/2,94,57,,
1989/7/3,96,59,,
1989/7/4,98,55,,
1989/7/5,99,55,,
1989/7/6,99,61,,
1989/7/7,100,60,,
1989/7/8,100,65,,
1989/7/9,98,64,,
1989/7/10,92,54,,
1989/7/11,88,63,,
1989/7/12,78,60,,
1989/7/13,86,56,,
1989/7/14,86,57,,
1989/7/15,84,55,,
1989/7/16,94,53,,
1989/7/17,95,56,,
1989/7/18,91,55,,
1989/7/19,86,52,,
1989/7/20,88,55,,
1989/7/21,88,53,,
1989/7/22,83,54,,
1989/7/23,84,55,,
1989/7/24,80,56,,
1989/7/25,83,55,,
1989/7/26,89,56,,
1989/7/27,88,62,,
1989/7/28,90,60,,
1989/7/29,88,59,,
1989/7/30,70,58,,
1989/7/31,82,53,,
1990/4/1,55,36,,
1990/4/2,66,31,,
1990/4/3,70,39,,
1990/4/4,66,39,,
1990/4/5,55,25,,
1990/4/6,47,16,,
1990/4/7,56,32,,
1990/4/8,62,36,,
1990/4/9,55,36,,
1990/4/10,38,29,,
1990/4/11,47,30,,
1990/4/12,65,33,,
1990/4/13,59,38,,
1990/4/14,72,37,,
1990/4/15,71,36,,
1990/4/16,66,36,,
1990/4/17,42,31,,
1990/4/18,66,32,,
1990/4/19,64,44,,
1990/4/20,66,40,,
1990/4/21,72,41,,
1990/4/22,74,48,,
1990/4/23,70,50,,
1990/4/24,61,44,,
1990/4/25,52,40,,
1990/4/26,58,35,,
1990/4/27,56,32,,
1990/4/28,74,39,,
1990/4/29,66,31,,
1990/4/30,46,26,,
1990/5/1,43,30,,
1990/5/2,57,31,,
1990/5/3,56,38,,
1990/5/4,59,34,,
1990/5/5,62,37,,
1990/5/6,79,36,,
1990/5/7,79,48,,
1990/5/8,73,40,,
1990/5/9,60,31,,
1990/5/10,65,29,,
1990/5/11,62,38,,
1990/5/12,59,34,,
1990/5/13,74,41,,
1990/5/14,65,35,,
1990/5/15,66,42,,
1990/5/16,60,33,,
1990/5/17,69,34,,
1990/5/18,76,41,,
1990/5/19,74,44,,
1990/5/20,69,44,,
1990/5/21,79,41,,
1990/5/22,80,48,,
1990/5/23,85,47,,
1990/5/24,81,50,,
1990/5/25,78,50,,
1990/5/26,74,45,,
1990/5/27,67,45,,
1990/5/28,75,47,,
1990/5/29,72,48,,
1990/5/30,66,40,,
1990/5/31,72,40,,
1990/6/1,76,46,,
1990/6/2,73,40,,
1990/6/3,75,46,,
1990/6/4,94,50,,
1990/6/5,89,56,,
1990/6/6,81,49,,
1990/6/7,87,52,,
1990/6/8,85,56,,
1990/6/9,83,52,,
1990/6/10,84,57,,
1990/6/11,89,55,,
1990/6/12,83,58,,
1990/6/13,80,57,,
1990/6/14,77,48,,
1990/6/15,80,52,,
1990/6/16,79,55,,
1990/6/17,83,50,,
1990/6/18,95,51,,
1990/6/19,92,54,,
1990/6/20,82,48,,
1990/6/21,82,53,,
1990/6/22,80,43,,
1990/6/23,93,50,,
1990/6/24,94,62,,
1990/6/25,97,61,,
1990/6/26,91,60,,
1990/6/27,100,59,,
1990/6/28,93,64,,
1990/6/29,98,61,,
1990/6/30,98,59,,
1990/7/1,97,62,,
1990/7/2,99,66,,
1990/7/3,97,65,,
1990/7/4,83,58,,
1990/7/5,80,56,,
1990/7/6,90,54,,
1990/7/7,86,61,,
1990/7/8,73,59,,
1990/7/9,80,57,,
1990/7/10,82,56,,
1990/7/11,77,55,,
1990/7/12,70,50,,
1990/7/13,76,48,,
1990/7/14,75,50,,
1990/7/15,79,53,,
1990/7/16,87,58,,
1990/7/17,90,60,,
1990/7/18,94,58,,
1990/7/19,84,65,,
1990/7/20,72,55,,
1990/7/21,64,51,,
1990/7/22,68,47,,
1990/7/23,79,47,,
1990/7/24,81,54,,
1990/7/25,85,53,,
1990/7/26,87,56,,
1990/7/27,86,55,,
1990/7/28,82,54,,
1990/7/29,74,50,,
1990/7/30,75,50,,
1990/7/31,79,61,,
1990/8/1,86,55,,
1990/8/2,80,54,,
1990/8/3,82,51,,
1990/8/4,76,51,,
1990/8/5,71,48,,
1990/8/6,77,54,,
1990/8/7,89,52,,
1990/8/8,89,62,,
1990/8/9,85,56,,
1990/8/10,88,57,,
1990/8/11,84,57,,
1990/8/12,70,54,,
1990/8/13,78,48,,
1990/8/14,77,55,,
1990/8/15,75,51,,
1990/8/16,83,50,,
1990/8/17,80,57,,
1990/8/18,78,51,,
1990/8/19,80,53,,
1990/8/20,80,51,,
1990/8/21,83,55,,
1990/8/22,80,59,,
1990/8/23,82,51,,
1990/8/24,85,57,,
1990/8/25,88,52,,
1990/8/26,89,59,,
1990/8/27,91,60,,
1990/8/28,90,60,,
1990/8/29,92,55,,
1990/8/30,94,60,,
1990/8/31,85,62,,
1990/9/1,80,57,,
1990/9/2,83,58,,
1990/9/3,88,57,,
1990/9/4,85,56,,
1990/9/5,86,59,,
1990/9/6,80,60,,
1990/9/7,82,57,,
1990/9/8,83,52,,
1990/9/9,82,55,,
1990/9/10,80,55,,
1990/9/11,84,49,,
1990/9/12,89,51,,
1990/9/13,95,56,,
1990/9/14,80,47,,
1990/9/15,87,55,,
1990/9/16,80,51,,
1990/9/17,66,52,,
1990/9/18,73,48,,
1990/9/19,74,48,,
1990/9/20,68,46,,
1990/9/21,64,46,,
1990/9/22,65,44,,
1990/9/23,73,40,,
1990/9/24,81,49,,
1990/9/25,80,55,,
1990/9/26,79,53,,
1990/9/27,73,49,,
1990/9/28,62,49,,
1990/9/29,59,49,,
1990/9/30,75,43,,
1990/10/1,81,45,,
1990/10/2,73,54,,
1990/10/3,65,34,,
1990/10/4,79,52,,
1990/10/5,83,50,,
1990/10/6,74,44,,
1990/10/7,58,33,,
1990/10/8,40,28,,
1990/10/9,53,24,,
1990/10/10,74,34,,
1990/10/11,63,40,,
1990/10/12,67,28,,
1990/10/13,74,41,,
1990/10/14,67,36,,
1990/10/15,78,37,,
1990/10/16,79,42,,
1990/10/17,65,37,,
1990/10/18,64,29,,
1990/10/19,73,45,,
1990/10/20,55,30,,
1990/10/21,56,24,,
1990/10/22,71,41,,
1990/10/23,62,35,,
1990/10/24,57,30,,
1990/10/25,74,42,,
1990/10/26,75,50,,
1990/10/28,79,38,,
1990/10/29,77,47,,
1990/10/30,72,49,,
1990/10/31,72,41,,
1990/11/1,65,48,,
1990/11/2,57,29,,
1990/11/3,30,25,,
1990/11/4,47,17,,
1990/11/5,51,34,,
1990/11/6,42,18,,
1990/11/7,27,9,,
1990/11/8,49,17,,
1990/11/9,57,29,,
1990/11/10,67,44,,
1990/11/11,70,44,,
1990/11/12,70,38,,
1990/11/13,68,36,,
1990/11/14,77,42,,
1990/11/15,72,51,,
1990/11/16,63,29,,
1990/11/17,69,32,,
1990/11/18,58,38,,
1990/11/19,62,35,,
1990/11/20,62,35,,
1990/11/21,54,30,,
1990/11/22,50,28,,
1990/11/23,62,39,,
1990/11/24,71,48,,
1990/11/25,77,45,,
1990/11/26,67,40,,
1990/11/27,41,19,,
1990/11/28,35,18,,
1990/11/29,53,17,,
1990/11/30,60,42,,
1990/12/1,52,26,,
1990/12/2,36,20,,
1990/12/3,40,13,,
1990/12/4,61,24,,
1990/12/5,58,40,,
1990/12/6,45,18,,
1990/12/7,57,22,,
1990/12/8,57,30,,
1990/12/9,62,35,,
1990/12/10,67,37,,
1990/12/11,67,42,,
1990/12/12,57,34,,
1990/12/13,36,27,,
1990/12/14,42,27,,
1990/12/15,42,20,,
1990/12/16,49,25,,
1990/12/17,37,25,,
1990/12/18,42,22,,
1990/12/19,39,2,,
1990/12/20,3,-14,,
1990/12/21,-8,-20,,
1990/12/22,2,-24,,
1990/12/23,20,-13,,
1990/12/24,30,2,,
1990/12/25,23,5,,
1990/12/26,27,0,,
1990/12/27,51,6,,
1990/12/28,48,16,,
1990/12/29,17,-5,,
1990/12/30,41,-11,,
1990/12/31,52,17,,